Channel,Group,Source,Link
CCTV-1,cctv,江西移动[CDN],http://hwrr.jx.chinamobile.com:8080/PLTV/88888888/224/3221225630/index.m3u8
CCTV-1,cctv,陕西移动[CDN],http://dbiptv.sn.chinamobile.com/PLTV/88888890/224/3221225660/index.m3u8
CCTV-1,cctv,陕西移动[CDN],http://dbiptv.sn.chinamobile.com/PLTV/88888890/224/3221225846/index.m3u8
CCTV-1,cctv,陕西移动[CDN],http://dbiptv.sn.chinamobile.com/PLTV/88888890/224/3221225804/index.m3u8
CCTV-1,cctv,陕西移动[CDN],http://dbiptv.sn.chinamobile.com/PLTV/88888890/224/3221226231/index.m3u8
CCTV-1,cctv,陕西移动[CDN],http://dbiptv.sn.chinamobile.com/PLTV/88888890/224/3221225965/index.m3u8
CCTV-1HD,cctv,江西移动[CDN],http://hwrr.jx.chinamobile.com:8080/PLTV/88888888/224/3221225762/index.m3u8
CCTV-1HD,cctv,江西移动[CDN],http://hwrr.jx.chinamobile.com:8080/PLTV/88888888/224/3221225618/index.m3u8
CCTV-1HD,cctv,江西移动[CDN],http://hwrr.jx.chinamobile.com:8080/PLTV/88888888/224/3221225918/index.m3u8
CCTV-1HD,cctv,江西移动[CDN],http://hwrr.jx.chinamobile.com:8080/PLTV/88888888/224/3221225501/index.m3u8?fmt=ts2hls
CCTV-1HD,cctv,江西移动[CDN],http://hwrr.jx.chinamobile.com:8080/PLTV/88888888/224/3221225642/index.m3u8
CCTV-2,cctv,江西移动[CDN],http://hwrr.jx.chinamobile.com:8080/PLTV/88888888/224/3221225572/index.m3u8?fmt=ts2hls
CCTV-2,cctv,陕西移动[CDN],http://dbiptv.sn.chinamobile.com/PLTV/88888890/224/3221225762/index.m3u8
CCTV-2,cctv,陕西移动[CDN],http://dbiptv.sn.chinamobile.com/PLTV/88888890/224/3221226195/index.m3u8
CCTV-2,cctv,陕西移动[CDN],http://dbiptv.sn.chinamobile.com/PLTV/88888890/224/3221226224/index.m3u8
CCTV-2,cctv,黑龙江移动[CDN],http://ottrrs.hl.chinamobile.com/PLTV/88888888/224/3221225588/index.m3u8
CCTV-2HD,cctv,江西移动[CDN],http://hwrr.jx.chinamobile.com:8080/PLTV/88888888/224/3221225619/index.m3u8
CCTV-2HD,cctv,江西移动[CDN],http://hwrr.jx.chinamobile.com:8080/PLTV/88888888/224/3221225500/index.m3u8?fmt=ts2hls
CCTV-2HD,cctv,江西移动[CDN],http://hwrr.jx.chinamobile.com:8080/PLTV/88888888/224/3221225643/index.m3u8
CCTV-3,cctv,江苏移动,http://183.207.249.9/PLTV/3/224/3221225588/1.m3u8
CCTV-3,cctv,陕西移动[CDN],http://dbiptv.sn.chinamobile.com/PLTV/88888890/224/3221225782/index.m3u8
CCTV-3,cctv,陕西移动[CDN],http://dbiptv.sn.chinamobile.com/PLTV/88888890/224/3221226398/index.m3u8
CCTV-3,cctv,陕西移动[CDN],http://dbiptv.sn.chinamobile.com/PLTV/88888890/224/3221226397/index.m3u8
CCTV-3,cctv,陕西移动[CDN],http://dbiptv.sn.chinamobile.com/PLTV/88888890/224/3221226009/index.m3u8
CCTV-3,cctv,黑龙江移动[CDN],http://ottrrs.hl.chinamobile.com/PLTV/88888888/224/3221226021/index.m3u8
CCTV-3HD,cctv,江西移动,http://117.169.120.140:8080/live/cctv-3/.m3u8
CCTV-3HD,cctv,江西移动[CDN],http://hwrr.jx.chinamobile.com:8080/PLTV/88888888/224/3221225647/index.m3u8
CCTV-3HD,cctv,江西移动[CDN],http://hwrr.jx.chinamobile.com:8080/PLTV/88888888/224/3221225634/index.m3u8
CCTV-4,cctv,江西移动[CDN],http://hwrr.jx.chinamobile.com:8080/PLTV/88888888/224/3221225571/index.m3u8?fmt=ts2hls
CCTV-4,cctv,陕西移动[CDN],http://dbiptv.sn.chinamobile.com/PLTV/88888890/224/3221225781/index.m3u8
CCTV-4,cctv,陕西移动[CDN],http://dbiptv.sn.chinamobile.com/PLTV/88888890/224/3221226191/index.m3u8
CCTV-4,cctv,陕西移动[CDN],http://dbiptv.sn.chinamobile.com/PLTV/88888890/224/3221226223/index.m3u8
CCTV-4,cctv,黑龙江移动[CDN],http://ottrrs.hl.chinamobile.com/PLTV/88888888/224/3221226007/index.m3u8
CCTV-4HD,cctv,江西移动[CDN],http://hwrr.jx.chinamobile.com:8080/PLTV/88888888/224/3221225621/index.m3u8
CCTV-5,cctv,江西移动[CDN],http://hwrr.jx.chinamobile.com:8080/PLTV/88888888/224/3221225751/index.m3u8
CCTV-5,cctv,江西移动[CDN],http://hwrr.jx.chinamobile.com:8080/PLTV/88888888/224/3221225752/index.m3u8
CCTV-5,cctv,江西移动[CDN],http://hwrr.jx.chinamobile.com:8080/PLTV/88888888/224/3221225753/index.m3u8
CCTV-5,cctv,江西移动[CDN],http://hwrr.jx.chinamobile.com:8080/PLTV/88888888/224/3221225754/index.m3u8
CCTV-5,cctv,江西移动[CDN],http://hwrr.jx.chinamobile.com:8080/PLTV/88888888/224/3221225755/index.m3u8
CCTV-5,cctv,江西移动[CDN],http://hwrr.jx.chinamobile.com:8080/PLTV/88888888/224/3221225756/index.m3u8
CCTV-5,cctv,陕西移动[CDN],http://dbiptv.sn.chinamobile.com/PLTV/88888890/224/3221225780/index.m3u8
CCTV-5,cctv,陕西移动[CDN],http://dbiptv.sn.chinamobile.com/PLTV/88888890/224/3221226396/index.m3u8
CCTV-5,cctv,陕西移动[CDN],http://dbiptv.sn.chinamobile.com/PLTV/88888890/224/3221225837/index.m3u8
CCTV-5,cctv,陕西移动[CDN],http://dbiptv.sn.chinamobile.com/PLTV/88888890/224/3221226395/index.m3u8
CCTV-5,cctv,黑龙江移动[CDN],http://ottrrs.hl.chinamobile.com/PLTV/88888888/224/3221226019/index.m3u8
CCTV-5+,cctv,陕西移动[CDN],http://dbiptv.sn.chinamobile.com/PLTV/88888890/224/3221225761/index.m3u8
CCTV-5+,cctv,陕西移动[CDN],http://dbiptv.sn.chinamobile.com/PLTV/88888890/224/3221226221/index.m3u8
CCTV-5+,cctv,黑龙江移动[CDN],http://ottrrs.hl.chinamobile.com/PLTV/88888888/224/3221225603/index.m3u8
CCTV-5+HD,cctv,江西移动[CDN],http://hwrr.jx.chinamobile.com:8080/PLTV/88888888/224/3221225649/index.m3u8
CCTV-5+HD,cctv,江西移动[CDN],http://hwrr.jx.chinamobile.com:8080/PLTV/88888888/224/3221225706/index.m3u8
CCTV-5HD,cctv,黑龙江移动[CDN],http://ottrrs.hl.chinamobile.com/PLTV/88888888/224/3221225674/index.m3u8
CCTV-5HD,cctv,江西移动[CDN],http://hwrr.jx.chinamobile.com:8080/PLTV/88888888/224/3221225633/index.m3u8
CCTV-6,cctv,江苏移动,http://183.207.249.15/PLTV/3/224/3221225548/index.m3u8
CCTV-6,cctv,江苏移动,http://183.207.249.9/PLTV/3/224/3221225548/1.m3u8
CCTV-6,cctv,陕西移动[CDN],http://dbiptv.sn.chinamobile.com/PLTV/88888890/224/3221225779/index.m3u8
CCTV-6,cctv,陕西移动[CDN],http://dbiptv.sn.chinamobile.com/PLTV/88888890/224/3221226394/index.m3u8
CCTV-6,cctv,陕西移动[CDN],http://dbiptv.sn.chinamobile.com/PLTV/88888890/224/3221226393/index.m3u8
CCTV-6,cctv,陕西移动[CDN],http://dbiptv.sn.chinamobile.com/PLTV/88888890/224/3221226011/index.m3u8
CCTV-6,cctv,黑龙江移动[CDN],http://ottrrs.hl.chinamobile.com/PLTV/88888888/224/3221226010/index.m3u8
CCTV-6HD,cctv,江苏移动,http://183.207.249.9/PLTV/3/224/3221225548/index.m3u8
CCTV-6HD,cctv,江西移动[CDN],http://hwrr.jx.chinamobile.com:8080/PLTV/88888888/224/3221225650/index.m3u8
CCTV-6HD,cctv,江西移动[CDN],http://hwrr.jx.chinamobile.com:8080/PLTV/88888888/224/3221225632/index.m3u8
CCTV-7,cctv,江苏移动,http://183.207.249.9/PLTV/3/224/3221225546/1.m3u8
CCTV-7,cctv,江西移动[CDN],http://hwrr.jx.chinamobile.com:8080/PLTV/88888888/224/3221225570/index.m3u8?fmt=ts2hls
CCTV-7,cctv,陕西移动[CDN],http://dbiptv.sn.chinamobile.com/PLTV/88888890/224/3221225778/index.m3u8
CCTV-7,cctv,陕西移动[CDN],http://dbiptv.sn.chinamobile.com/PLTV/88888890/224/3221226192/index.m3u8
CCTV-7,cctv,黑龙江移动[CDN],http://ottrrs.hl.chinamobile.com/PLTV/88888888/224/3221225733/index.m3u8
CCTV-7HD,cctv,江西移动[CDN],http://hwrr.jx.chinamobile.com:8080/PLTV/88888888/224/3221225624/index.m3u8
CCTV-7HD,cctv,江西移动[CDN],http://hwrr.jx.chinamobile.com:8080/PLTV/88888888/224/3221225499/index.m3u8?fmt=ts2hls
CCTV-7HD,cctv,江西移动[CDN],http://hwrr.jx.chinamobile.com:8080/PLTV/88888888/224/3221225644/index.m3u8
CCTV-8,cctv,陕西移动[CDN],http://dbiptv.sn.chinamobile.com/PLTV/88888890/224/3221225759/index.m3u8
CCTV-8,cctv,陕西移动[CDN],http://dbiptv.sn.chinamobile.com/PLTV/88888890/224/3221226407/index.m3u8
CCTV-8,cctv,陕西移动[CDN],http://dbiptv.sn.chinamobile.com/PLTV/88888890/224/3221226391/index.m3u8
CCTV-8,cctv,陕西移动[CDN],http://dbiptv.sn.chinamobile.com/PLTV/88888890/224/3221226012/index.m3u8
CCTV-8,cctv,黑龙江移动[CDN],http://ottrrs.hl.chinamobile.com/PLTV/88888888/224/3221226008/index.m3u8
CCTV-8HD,cctv,江西移动,http://117.169.120.140:8080/live/cctv-8/.m3u8
CCTV-8HD,cctv,江西移动[CDN],http://hwrr.jx.chinamobile.com:8080/PLTV/88888888/224/3221225635/index.m3u8
CCTV-8HD,cctv,江西移动[CDN],http://hwrr.jx.chinamobile.com:8080/PLTV/88888888/224/3221225631/index.m3u8
CCTV-9,cctv,江西移动[CDN],http://hwrr.jx.chinamobile.com:8080/PLTV/88888888/224/3221225920/index.m3u8?fmt=ts2hls
CCTV-9,cctv,陕西移动[CDN],http://dbiptv.sn.chinamobile.com/PLTV/88888890/224/3221225758/index.m3u8
CCTV-9,cctv,陕西移动[CDN],http://dbiptv.sn.chinamobile.com/PLTV/88888890/224/3221226197/index.m3u8
CCTV-9,cctv,黑龙江移动[CDN],http://ottrrs.hl.chinamobile.com/PLTV/88888888/224/3221225734/index.m3u8
CCTV-9HD,cctv,江西移动[CDN],http://hwrr.jx.chinamobile.com:8080/PLTV/88888888/224/3221225626/index.m3u8
CCTV-9HD,cctv,江西移动[CDN],http://hwrr.jx.chinamobile.com:8080/PLTV/88888888/224/3221225646/index.m3u8
CCTV-10,cctv,江西移动[CDN],http://hwrr.jx.chinamobile.com:8080/PLTV/88888888/224/3221225569/index.m3u8?fmt=ts2hls
CCTV-10,cctv,陕西移动[CDN],http://dbiptv.sn.chinamobile.com/PLTV/88888890/224/3221225777/index.m3u8
CCTV-10,cctv,陕西移动[CDN],http://dbiptv.sn.chinamobile.com/PLTV/88888890/224/3221226189/index.m3u8
CCTV-10,cctv,黑龙江移动[CDN],http://ottrrs.hl.chinamobile.com/PLTV/88888888/224/3221225730/index.m3u8
CCTV-10HD,cctv,江苏移动,http://183.207.249.14/PLTV/3/224/3221225550/index.m3u8
CCTV-10HD,cctv,江西移动,http://117.169.120.140:8080/live/cctv-10/.m3u8
CCTV-10HD,cctv,江西移动[CDN],http://hwrr.jx.chinamobile.com:8080/PLTV/88888888/224/3221225627/index.m3u8
CCTV-10HD,cctv,江西移动[CDN],http://hwrr.jx.chinamobile.com:8080/PLTV/88888888/224/3221225496/index.m3u8?fmt=ts2hls
CCTV-10HD,cctv,江西移动[CDN],http://hwrr.jx.chinamobile.com:8080/PLTV/88888888/224/3221225636/index.m3u8
CCTV-11,cctv,江西移动[CDN],http://hwrr.jx.chinamobile.com:8080/PLTV/88888888/224/3221225568/index.m3u8?fmt=ts2hls
CCTV-11,cctv,陕西移动[CDN],http://dbiptv.sn.chinamobile.com/PLTV/88888890/224/3221225776/index.m3u8
CCTV-11,cctv,陕西移动[CDN],http://dbiptv.sn.chinamobile.com/PLTV/88888890/224/3221226240/index.m3u8
CCTV-11,cctv,黑龙江移动[CDN],http://ottrrs.hl.chinamobile.com/PLTV/88888888/224/3221225597/index.m3u8
CCTV-11HD,cctv,江西移动,http://117.169.120.140:8080/live/cctv-11/.m3u8
CCTV-11HD,cctv,江西移动[CDN],http://hwrr.jx.chinamobile.com:8080/PLTV/88888888/224/3221225628/index.m3u8
CCTV-12,cctv,江西移动[CDN],http://hwrr.jx.chinamobile.com:8080/PLTV/88888888/224/3221225567/index.m3u8?fmt=ts2hls
CCTV-12,cctv,江西移动[CDN],http://hwrr.jx.chinamobile.com:8080/PLTV/88888888/224/3221225629/index.m3u8
CCTV-12,cctv,陕西移动[CDN],http://dbiptv.sn.chinamobile.com/PLTV/88888890/224/3221225775/index.m3u8
CCTV-12,cctv,陕西移动[CDN],http://dbiptv.sn.chinamobile.com/PLTV/88888890/224/3221226190/index.m3u8
CCTV-12,cctv,黑龙江移动[CDN],http://ottrrs.hl.chinamobile.com/PLTV/88888888/224/3221225731/index.m3u8
CCTV-12HD,cctv,江西移动[CDN],http://hwrr.jx.chinamobile.com:8080/PLTV/88888888/224/3221225495/index.m3u8?fmt=ts2hls
CCTV-12HD,cctv,江西移动[CDN],http://hwrr.jx.chinamobile.com:8080/PLTV/88888888/224/3221225637/index.m3u8
CCTV-13,cctv,江苏移动,http://183.207.249.14/PLTV/3/224/3221225560/index.m3u8
CCTV-13,cctv,江西移动[CDN],http://hwrr.jx.chinamobile.com:8080/PLTV/88888888/224/3221225566/index.m3u8?fmt=ts2hls
CCTV-13,cctv,陕西移动[CDN],http://dbiptv.sn.chinamobile.com/PLTV/88888890/224/3221225617/index.m3u8
CCTV-13,cctv,陕西移动[CDN],http://dbiptv.sn.chinamobile.com/PLTV/88888890/224/3221225774/index.m3u8
CCTV-13,cctv,陕西移动[CDN],http://dbiptv.sn.chinamobile.com/PLTV/88888890/224/3221226233/index.m3u8
CCTV-13,cctv,黑龙江移动[CDN],http://ottrrs.hl.chinamobile.com/PLTV/88888888/224/3221226011/index.m3u8
CCTV-13HD,cctv,江西移动[CDN],http://hwrr.jx.chinamobile.com:8080/PLTV/88888888/224/3221225638/index.m3u8
CCTV-14,cctv,江西移动[CDN],http://hwrr.jx.chinamobile.com:8080/PLTV/88888888/224/3221225565/index.m3u8?fmt=ts2hls
CCTV-14,cctv,陕西移动[CDN],http://dbiptv.sn.chinamobile.com/PLTV/88888890/224/3221225784/index.m3u8
CCTV-14,cctv,陕西移动[CDN],http://dbiptv.sn.chinamobile.com/PLTV/88888890/224/3221226193/index.m3u8
CCTV-14,cctv,黑龙江移动[CDN],http://ottrrs.hl.chinamobile.com/PLTV/88888888/224/3221225732/index.m3u8
CCTV-14HD,cctv,江西移动[CDN],http://hwrr.jx.chinamobile.com:8080/PLTV/88888888/224/3221225639/index.m3u8
CCTV-14HD,cctv,江西移动[CDN],http://hwrr.jx.chinamobile.com:8080/PLTV/88888888/224/3221225494/index.m3u8?fmt=ts2hls
CCTV-14HD,cctv,江西移动[CDN],http://hwrr.jx.chinamobile.com:8080/PLTV/88888888/224/3221225640/index.m3u8
CCTV-15,cctv,江西移动[CDN],http://hwrr.jx.chinamobile.com:8080/PLTV/88888888/224/3221225564/index.m3u8?fmt=ts2hls
CCTV-15,cctv,陕西移动[CDN],http://dbiptv.sn.chinamobile.com/PLTV/88888890/224/3221225785/index.m3u8
CCTV-15,cctv,黑龙江移动[CDN],http://ottrrs.hl.chinamobile.com/PLTV/88888888/224/3221225601/index.m3u8
CCTV-15HD,cctv,江西移动[CDN],http://hwrr.jx.chinamobile.com:8080/PLTV/88888888/224/3221225641/index.m3u8
CCTV-16,cctv,陕西移动[CDN],http://dbiptv.sn.chinamobile.com/PLTV/88888890/224/3221226921/index.m3u8
CCTV-16,cctv,黑龙江移动[CDN],http://ottrrs.hl.chinamobile.com/PLTV/88888888/224/3221226100/index.m3u8
CCTV-17,cctv,江西移动[CDN],http://hwrr.jx.chinamobile.com:8080/PLTV/88888888/224/3221225910/index.m3u8?fmt=ts2hls
CCTV-17,cctv,陕西移动[CDN],http://dbiptv.sn.chinamobile.com/PLTV/88888890/224/3221226208/index.m3u8
CCTV-17,cctv,陕西移动[CDN],http://dbiptv.sn.chinamobile.com/PLTV/88888890/224/3221226198/index.m3u8
CCTV-17,cctv,黑龙江移动[CDN],http://ottrrs.hl.chinamobile.com/PLTV/88888888/224/3221225765/index.m3u8
CCTV-17HD,cctv,江西移动[CDN],http://hwrr.jx.chinamobile.com:8080/PLTV/88888888/224/3221225907/index.m3u8
CCTV-17HD,cctv,江西移动[CDN],http://hwrr.jx.chinamobile.com:8080/PLTV/88888888/224/3221225908/index.m3u8
CCTV-17HD,cctv,江西移动[CDN],http://hwrr.jx.chinamobile.com:8080/PLTV/88888888/224/3221225909/index.m3u8
CCTV-女性时尚,cctv,陕西移动[CDN],http://dbiptv.sn.chinamobile.com/PLTV/88888890/224/3221226237/index.m3u8
CCTV-中视购物,cctv,江西移动[CDN],http://hwrr.jx.chinamobile.com:8080/PLTV/88888888/224/3221225976/index.m3u8
CGTN,cctv,官方,http://live.cgtn.com/500/prog_index.m3u8
CGTN,cctv,江西移动[CDN],http://hwrr.jx.chinamobile.com:8080/PLTV/88888888/224/3221225747/index.m3u8
CGTN,cctv,陕西移动[CDN],http://dbiptv.sn.chinamobile.com/PLTV/88888890/224/3221225745/index.m3u8
CGTN,cctv,黑龙江移动[CDN],http://ottrrs.hl.chinamobile.com/PLTV/88888888/224/3221225604/index.m3u8
CGTN纪录,cctv,官方,https://news.cgtn.com/resource/live/document/cgtn-doc.m3u8
CGTN纪录,cctv,江西移动[CDN],http://hwrr.jx.chinamobile.com:8080/PLTV/88888888/224/3221225645/index.m3u8
CGTN纪录,cctv,黑龙江移动[CDN],http://ottrrs.hl.chinamobile.com/PLTV/88888888/224/3221225602/index.m3u8
CGTN西班牙语,cctv,官方,https://livees.cgtn.com/1000e/prog_index.m3u8
IPTV3+,cctv,陕西移动[CDN],http://dbiptv.sn.chinamobile.com/PLTV/88888890/224/3221226341/index.m3u8
IPTV5+,cctv,陕西移动[CDN],http://dbiptv.sn.chinamobile.com/PLTV/88888890/224/3221226342/index.m3u8
IPTV5+HD,cctv,陕西移动[CDN],http://dbiptv.sn.chinamobile.com/PLTV/88888890/224/3221226345/index.m3u8
IPTV6+,cctv,陕西移动[CDN],http://dbiptv.sn.chinamobile.com/PLTV/88888890/224/3221226343/index.m3u8
IPTV8+,cctv,陕西移动[CDN],http://dbiptv.sn.chinamobile.com/PLTV/88888890/224/3221226344/index.m3u8
央视新闻·正直播,cctv,CCTV+官方,http://cd-live-stream.news.cctvplus.com/live/smil:CHANNEL2.smil/chunklist_w1018196661_b1000000.m3u8
中央新影发现之旅,cctv,陕西移动[CDN],http://dbiptv.sn.chinamobile.com/PLTV/88888890/224/3221226235/index.m3u8
中央新影老故事,cctv,江西移动[CDN],http://hwrr.jx.chinamobile.com:8080/PLTV/88888888/224/3221225517/index.m3u8?fmt=ts2hls
中央新影老故事,cctv,陕西移动[CDN],http://dbiptv.sn.chinamobile.com/PLTV/88888890/224/3221226236/index.m3u8
中央新影中学生,cctv,江西移动[CDN],http://hwrr.jx.chinamobile.com:8080/PLTV/88888888/224/3221225515/index.m3u8?fmt=ts2hls
CETV-1,difang,江西移动[CDN],http://hwrr.jx.chinamobile.com:8080/PLTV/88888888/224/3221225661/index.m3u8
CETV-1,difang,江西移动[CDN],http://hwrr.jx.chinamobile.com:8080/PLTV/88888888/224/3221225563/index.m3u8?fmt=ts2hls
CETV-1,difang,陕西移动[CDN],http://dbiptv.sn.chinamobile.com/PLTV/88888890/224/3221225753/index.m3u8
CETV-1,difang,黑龙江移动[CDN],http://ottrrs.hl.chinamobile.com/PLTV/88888888/224/3221225652/index.m3u8
CETV-1HD,difang,江西移动[CDN],http://hwrr.jx.chinamobile.com:8080/PLTV/88888888/224/3221225917/index.m3u8?fmt=ts2hls
CETV-2,difang,陕西移动[CDN],http://dbiptv.sn.chinamobile.com/PLTV/88888890/224/3221225756/index.m3u8
CETV-3,difang,陕西移动[CDN],http://dbiptv.sn.chinamobile.com/PLTV/88888890/224/3221226226/index.m3u8
CETV-4,difang,江西移动[CDN],http://hwrr.jx.chinamobile.com:8080/PLTV/88888888/224/3221225937/index.m3u8
CETV-4,difang,江西移动[CDN],http://hwrr.jx.chinamobile.com:8080/PLTV/88888888/224/3221225969/index.m3u8?fmt=ts2hls
CETV-4,difang,陕西移动[CDN],http://dbiptv.sn.chinamobile.com/PLTV/88888890/224/3221226225/index.m3u8
CETV-4,difang,黑龙江移动[CDN],http://ottrrs.hl.chinamobile.com/PLTV/88888888/224/3221225783/index.m3u8
CETV-早教,difang,江西移动[CDN],http://hwrr.jx.chinamobile.com:8080/PLTV/88888888/224/3221225513/index.m3u8?fmt=ts2hls
安康,difang,陕西移动[CDN],http://dbiptv.sn.chinamobile.com/PLTV/88888890/224/3221226385/index.m3u8
安塞,difang,陕西移动[CDN],http://dbiptv.sn.chinamobile.com/PLTV/88888890/224/3221226388/index.m3u8
宝鸡1,difang,陕西移动[CDN],http://dbiptv.sn.chinamobile.com/PLTV/88888890/224/3221226381/index.m3u8
宝鸡1,difang,陕西移动[CDN],http://dbiptv.sn.chinamobile.com/PLTV/88888890/224/3221226383/index.m3u8
宝鸡2,difang,陕西移动[CDN],http://dbiptv.sn.chinamobile.com/PLTV/88888890/224/3221226382/index.m3u8
宝鸡2,difang,陕西移动[CDN],http://dbiptv.sn.chinamobile.com/PLTV/88888890/224/3221226384/index.m3u8
北京冬奥纪实,difang,黑龙江移动[CDN],http://ottrrs.hl.chinamobile.com/PLTV/88888888/224/3221225729/index.m3u8
北京冬奥纪实,difang,陕西移动[CDN],http://dbiptv.sn.chinamobile.com/PLTV/88888890/224/3221226232/index.m3u8
北京冬奥纪实HD,difang,江西移动[CDN],http://hwrr.jx.chinamobile.com:8080/PLTV/88888888/224/3221225675/index.m3u8
北京冬奥纪实HD,difang,江西移动[CDN],http://hwrr.jx.chinamobile.com:8080/PLTV/88888888/224/3221225676/index.m3u8
北京家有购物,difang,江西移动[CDN],http://hwrr.jx.chinamobile.com:8080/PLTV/88888888/224/3221225971/index.m3u8
北京家有购物,difang,陕西移动[CDN],http://dbiptv.sn.chinamobile.com/PLTV/88888890/224/3221226355/index.m3u8
北京家有购物,difang,黑龙江移动[CDN],http://ottrrs.hl.chinamobile.com/PLTV/88888888/224/3221225682/index.m3u8
北京家有购物HD,difang,江西移动[CDN],http://hwrr.jx.chinamobile.com:8080/PLTV/88888888/224/3221226190/index.m3u8
北京卡酷少儿,difang,江西移动[CDN],http://hwrr.jx.chinamobile.com:8080/PLTV/88888888/224/3221225677/index.m3u8
北京卡酷少儿,difang,陕西移动[CDN],http://dbiptv.sn.chinamobile.com/PLTV/88888890/224/3221225743/index.m3u8
北京卡酷少儿,difang,黑龙江移动[CDN],http://ottrrs.hl.chinamobile.com/PLTV/88888888/224/3221225654/index.m3u8
滨州公共电视剧,difang,官方,http://stream.bzcm.net/1/sd/live.m3u8
亳州新闻频道,difang,官方,http://220.180.110.101:8083/videos/live/33/59/NC7XQdEveyncq/NC7XQdEveyncq.M3U8
茌平生活,difang,齐鲁网,https://jsylivealone302.iqilu.com/live/chiping_tv02.m3u8
楚雄公共,difang,太阳云视,http://hwzbout.yunshicloud.com/gbqei5/12661u.m3u8
楚雄新闻,difang,太阳云视,http://hwzbout.yunshicloud.com/gbqei5/cy550p.m3u8
大庆公共,difang,黑龙江移动[CDN],http://ottrrs.hl.chinamobile.com/PLTV/88888888/224/3221225767/index.m3u8
大庆新闻综合,difang,黑龙江移动[CDN],http://ottrrs.hl.chinamobile.com/PLTV/88888888/224/3221225768/index.m3u8
德州公共HD,difang,齐鲁网,https://jsylivealone302.iqilu.com/dezhou/dezhou_tv02.m3u8
德州图文,difang,齐鲁网,https://jsylivealone302.iqilu.com/dezhou/dezhou_tv03.m3u8
德州新闻HD,difang,齐鲁网,https://jsylivealone302.iqilu.com/dezhou/dezhou_tv01.m3u8
迪庆综合,difang,官方,http://stream01.dqtv123.com:1935/live/xinwenzonghe.stream/playlist.m3u8
东营科教频道,difang,官方,http://stream.hhek.cn/dyjy/sd/live.m3u8
东营图文频道,difang,官方,http://stream.hhek.cn/twpd/sd/live.m3u8
东营综合频道,difang,官方,http://stream.hhek.cn/xwzh/sd/live.m3u8
东至新闻综合,difang,官方,http://223.247.33.124:1935/live/zonghe/playlist.m3u8
东至影视频道,difang,官方,http://223.247.33.124:1935/live/yingshi/playlist.m3u8
佛坪,difang,陕西移动[CDN],http://dbiptv.sn.chinamobile.com/PLTV/88888890/224/3221226454/index.m3u8
福州生活,difang,官方,http://live.zohi.tv/video/s10001-shpd-3/index.m3u8
福州影视,difang,官方,http://live.zohi.tv/video/s10001-yspd-2/index.m3u8
福州综合,difang,官方,http://live.zohi.tv/video/s10001-FZTV-1/index.m3u8
抚州综合频道,difang,官方,http://111.75.179.195:30767/video/live_vide.m3u8
高唐新闻综合,difang,齐鲁网,https://jsylivealone302.iqilu.com/gaotang/gaotang_tv01.m3u8
高唐综艺,difang,齐鲁网,https://jsylivealone302.iqilu.com/gaotang/gaotang_tv02.m3u8
冠县综合,difang,齐鲁网,https://jsylivealone302.iqilu.com/guanxian/guanxian_tv01.m3u8
光山HD,difang,河南大象融媒,http://live.dxhmt.cn:9081/tv/11522-1.m3u8
广东高尔夫,difang,陕西移动[CDN],http://dbiptv.sn.chinamobile.com/PLTV/88888890/224/3221226246/index.m3u8
广东嘉佳卡通,difang,江西移动[CDN],http://hwrr.jx.chinamobile.com:8080/PLTV/88888888/224/3221226193/index.m3u8
广东嘉佳卡通,difang,陕西移动[CDN],http://dbiptv.sn.chinamobile.com/PLTV/88888890/224/3221226227/index.m3u8
广饶科教文艺HD,difang,齐鲁网,https://jsylivealone302.iqilu.com/guangrao/guangrao_tv02.m3u8
广饶新闻综合HD,difang,齐鲁网,https://jsylivealone302.iqilu.com/guangrao/guangrao_tv01.m3u8
哈尔滨生活,difang,黑龙江移动[CDN],http://ottrrs.hl.chinamobile.com/PLTV/88888888/224/3221225762/index.m3u8
哈尔滨新闻综合,difang,黑龙江移动[CDN],http://ottrrs.hl.chinamobile.com/PLTV/88888888/224/3221225745/index.m3u8
哈尔滨影视,difang,黑龙江移动[CDN],http://ottrrs.hl.chinamobile.com/PLTV/88888888/224/3221225760/index.m3u8
哈尔滨娱乐,difang,黑龙江移动[CDN],http://ottrrs.hl.chinamobile.com/PLTV/88888888/224/3221225759/index.m3u8
哈尔滨资讯,difang,黑龙江移动[CDN],http://ottrrs.hl.chinamobile.com/PLTV/88888888/224/3221225761/index.m3u8
汉中2,difang,陕西移动[CDN],http://dbiptv.sn.chinamobile.com/PLTV/88888890/224/3221225990/index.m3u8
汉中3,difang,陕西移动[CDN],http://dbiptv.sn.chinamobile.com/PLTV/88888890/224/3221225991/index.m3u8
杭州4,difang,咪咕爱看,http://live.aikan.miguvideo.com/PLTV/88888888/224/3221229377/index.m3u8
杭州明珠,difang,咪咕爱看,http://live.aikan.miguvideo.com/PLTV/88888888/224/3221229310/index.m3u8
杭州少儿,difang,咪咕爱看,http://live.aikan.miguvideo.com/PLTV/88888888/224/3221229316/index.m3u8
杭州生活,difang,咪咕爱看,http://live.aikan.miguvideo.com/PLTV/88888888/224/3221229313/index.m3u8
杭州综合,difang,咪咕爱看,http://live.aikan.miguvideo.com/PLTV/88888888/224/3221229307/index.m3u8
河北农民,difang,官方,http://hbzx.chinashadt.com:2036/zhibo/stream:hbnm.stream_360p/playlist.m3u8
河南梨园,difang,江西移动[CDN],http://hwrr.jx.chinamobile.com:8080/PLTV/88888888/224/3221225581/index.m3u8?fmt=ts2hls
鹤岗公共,difang,黑龙江移动[CDN],http://ottrrs.hl.chinamobile.com/PLTV/88888888/224/3221226004/index.m3u8
鹤岗新闻综合,difang,黑龙江移动[CDN],http://ottrrs.hl.chinamobile.com/PLTV/88888888/224/3221226001/index.m3u8
黑龙江都市,difang,黑龙江移动[CDN],http://ottrrs.hl.chinamobile.com/PLTV/88888888/224/3221226036/index.m3u8
黑龙江公共农业,difang,黑龙江移动[CDN],http://ottrrs.hl.chinamobile.com/PLTV/88888888/224/3221226042/index.m3u8
黑龙江少儿,difang,黑龙江移动[CDN],http://ottrrs.hl.chinamobile.com/PLTV/88888888/224/3221226028/index.m3u8
黑龙江文体,difang,黑龙江移动[CDN],http://ottrrs.hl.chinamobile.com/PLTV/88888888/224/3221226044/index.m3u8
黑龙江新闻法治,difang,黑龙江移动[CDN],http://ottrrs.hl.chinamobile.com/PLTV/88888888/224/3221226039/index.m3u8
黑龙江影视,difang,黑龙江移动[CDN],http://ottrrs.hl.chinamobile.com/PLTV/88888888/224/3221226061/index.m3u8
黑龙江影视,difang,黑龙江移动[CDN],http://ottrrs.hl.chinamobile.com/PLTV/88888888/224/3221226022/index.m3u8
衡水影视娱乐,difang,官方,http://hls.hsrtv.cn/hls/hstv2.m3u8
湖北休闲指南,difang,陕西移动[CDN],http://dbiptv.sn.chinamobile.com/PLTV/88888890/224/3221226247/index.m3u8
湖南茶频道,difang,陕西移动[CDN],http://dbiptv.sn.chinamobile.com/PLTV/88888890/224/3221226808/index.m3u8
湖南茶频道HD,difang,江西移动[CDN],http://hwrr.jx.chinamobile.com:8080/PLTV/88888888/224/3221225781/index.m3u8?fmt=ts2hls
湖南金鹰纪实,difang,江西移动[CDN],http://hwrr.jx.chinamobile.com:8080/PLTV/88888888/224/3221226198/index.m3u8
湖南金鹰纪实,difang,陕西移动[CDN],http://dbiptv.sn.chinamobile.com/PLTV/88888890/224/3221226351/index.m3u8
湖南金鹰纪实HD,difang,江西移动[CDN],http://hwrr.jx.chinamobile.com:8080/PLTV/88888888/224/3221225595/index.m3u8?fmt=ts2hls
湖南金鹰卡通,difang,江西移动[CDN],http://hwrr.jx.chinamobile.com:8080/PLTV/88888888/224/3221225721/index.m3u8
湖南金鹰卡通,difang,江西移动[CDN],http://hwrr.jx.chinamobile.com:8080/PLTV/88888888/224/3221225554/index.m3u8?fmt=ts2hls
湖南金鹰卡通,difang,陕西移动[CDN],http://dbiptv.sn.chinamobile.com/PLTV/88888890/224/3221225744/index.m3u8
湖南金鹰卡通,difang,黑龙江移动[CDN],http://ottrrs.hl.chinamobile.com/PLTV/88888888/224/3221225653/index.m3u8
湖南快乐垂钓,difang,陕西移动[CDN],http://dbiptv.sn.chinamobile.com/PLTV/88888890/224/3221226805/index.m3u8
湖南快乐垂钓HD,difang,江西移动[CDN],http://hwrr.jx.chinamobile.com:8080/PLTV/88888888/224/3221225780/index.m3u8?fmt=ts2hls
湖南快乐购,difang,陕西移动[CDN],http://dbiptv.sn.chinamobile.com/PLTV/88888890/224/3221226353/index.m3u8
湖南快乐购,difang,黑龙江移动[CDN],http://ottrrs.hl.chinamobile.com/PLTV/88888888/224/3221226094/index.m3u8
湖南快乐购HD,difang,江西移动[CDN],http://hwrr.jx.chinamobile.com:8080/PLTV/88888888/224/3221225975/index.m3u8
淮安影视,difang,官方,http://stream.habctv.com/ysyl/sd/live.m3u8
淮安综合,difang,官方,http://stream.habctv.com/xwzh/sd/live.m3u8
黄岛生活,difang,齐鲁网,https://jsylivealone302.iqilu.com/huangdao/huangdao_tv02.m3u8
黄岛新闻,difang,齐鲁网,https://jsylivealone302.iqilu.com/huangdao/huangdao_tv01.m3u8
吉林东北戏曲,difang,JLNTV官方,http://stream1.jlntv.cn/dbxq/sd/live.m3u8
吉林都市,difang,JLNTV官方,http://stream1.jlntv.cn/dspd/sd/live.m3u8
吉林都市,difang,官方,http://stream1.jlntv.cn/dspd/sd/live.m3u8?_upt=4f4899d21531575987
吉林公共,difang,官方,http://stream1.jlntv.cn/ggpd/sd/live.m3u8
吉林公共新闻,difang,官方,http://stream1.jlntv.cn/ggpd/sd/live.m3u8?_upt=b95938311531576098
吉林家家购物,difang,陕西移动[CDN],http://dbiptv.sn.chinamobile.com/PLTV/88888890/224/3221226354/index.m3u8
吉林家有购物,difang,JLNTV官方,http://stream1.jlntv.cn/jygw/sd/live.m3u8
吉林篮球,difang,官方,http://stream1.jlntv.cn/lqpd/sd/live.m3u8
吉林篮球,difang,陕西移动[CDN],http://dbiptv.sn.chinamobile.com/PLTV/88888890/224/3221226239/index.m3u8
吉林山村,difang,官方,http://stream1.jlntv.cn/xcpd/sd/live.m3u8?_upt=ed8b01841531576074
吉林生活,difang,JLNTV官方,http://stream1.jlntv.cn/shpd/sd/live.m3u8
吉林生活,difang,官方,http://stream1.jlntv.cn/shpd/sd/live.m3u8?_upt=212b47d81531576020
吉林乡村,difang,JLNTV官方,http://stream1.jlntv.cn/xcpd/sd/live.m3u8
吉林影视,difang,JLNTV官方,http://stream1.jlntv.cn/yspd/sd/live.m3u8
吉林影视,difang,JLNTV官方,http://stream4.jlntv.cn/test4/sd/live.m3u8
吉州,difang,江西移动[CDN],http://hwrr.jx.chinamobile.com:8080/PLTV/88888888/224/3221225679/index.m3u8
江津文化旅游,difang,官方,http://jiangjinlive.cbg.cn:1935/ch2.m3u8
江津新闻综合,difang,官方,http://jiangjinlive.cbg.cn:1935/ch1.m3u8
江苏财富天下,difang,陕西移动[CDN],http://dbiptv.sn.chinamobile.com/PLTV/88888890/224/3221226350/index.m3u8
江苏好享购物,difang,陕西移动[CDN],http://dbiptv.sn.chinamobile.com/PLTV/88888890/224/3221226018/index.m3u8
江苏好享购物,difang,黑龙江移动[CDN],http://ottrrs.hl.chinamobile.com/PLTV/88888888/224/3221225757/index.m3u8
江苏好享购物HD,difang,江西移动[CDN],http://hwrr.jx.chinamobile.com:8080/PLTV/88888888/224/3221225973/index.m3u8
江苏靓妆,difang,江西移动[CDN],http://hwrr.jx.chinamobile.com:8080/PLTV/88888888/224/3221225509/index.m3u8?fmt=ts2hls
江苏优漫卡通,difang,江西移动[CDN],http://hwrr.jx.chinamobile.com:8080/PLTV/88888888/224/3221225665/index.m3u8
江苏优漫卡通,difang,陕西移动[CDN],http://dbiptv.sn.chinamobile.com/PLTV/88888890/224/3221225795/index.m3u8
江苏优漫卡通,difang,黑龙江移动[CDN],http://ottrrs.hl.chinamobile.com/PLTV/88888888/224/3221225656/index.m3u8
江西都市,difang,江西移动[CDN],http://hwrr.jx.chinamobile.com:8080/PLTV/88888888/224/3221225584/index.m3u8?fmt=ts2hls
江西风尚购物,difang,黑龙江移动[CDN],http://ottrrs.hl.chinamobile.com/PLTV/88888888/224/3221225679/index.m3u8
江西风尚购物HD,difang,江西移动[CDN],http://hwrr.jx.chinamobile.com:8080/PLTV/88888888/224/3221225970/index.m3u8
江西风尚购物HD,difang,江西移动[CDN],http://hwrr.jx.chinamobile.com:8080/PLTV/88888888/224/3221225974/index.m3u8
江西公共农业,difang,江西移动[CDN],http://hwrr.jx.chinamobile.com:8080/PLTV/88888888/224/3221225578/index.m3u8?fmt=ts2hls
江西教育HD,difang,江西移动[CDN],http://hwrr.jx.chinamobile.com:8080/PLTV/88888888/224/3221226197/index.m3u8?fmt=ts2hls
江西经济生活,difang,江西移动[CDN],http://hwrr.jx.chinamobile.com:8080/PLTV/88888888/224/3221225580/index.m3u8?fmt=ts2hls
江西经济生活HD,difang,江西移动[CDN],http://hwrr.jx.chinamobile.com:8080/PLTV/88888888/224/3221226206/index.m3u8?fmt=ts2hls
江西少儿,difang,江西移动[CDN],http://hwrr.jx.chinamobile.com:8080/PLTV/88888888/224/3221225577/index.m3u8?fmt=ts2hls
江西少儿HD,difang,江西移动[CDN],http://hwrr.jx.chinamobile.com:8080/PLTV/88888888/224/3221226194/index.m3u8?fmt=ts2hls
江西新闻,difang,江西移动[CDN],http://hwrr.jx.chinamobile.com:8080/PLTV/88888888/224/3221225576/index.m3u8?fmt=ts2hls
江西新闻HD,difang,江西移动[CDN],http://hwrr.jx.chinamobile.com:8080/PLTV/88888888/224/3221225615/index.m3u8?fmt=ts2hls
江西影视旅游,difang,江西移动[CDN],http://hwrr.jx.chinamobile.com:8080/PLTV/88888888/224/3221225579/index.m3u8?fmt=ts2hls
靖江新闻综合,difang,官方,http://visit.jjbctv.com:1935/live/xwzhmb/playlist.m3u8
九江公共,difang,江西移动[CDN],http://hwrr.jx.chinamobile.com:8080/PLTV/88888888/224/3221225775/index.m3u8
九江新闻综合,difang,江西移动[CDN],http://hwrr.jx.chinamobile.com:8080/PLTV/88888888/224/3221225774/index.m3u8
巨野新闻HD,difang,齐鲁网,https://jsylivealone302.iqilu.com/live/juye_tv01.m3u8
聚鲨国际,difang,陕西移动[CDN],http://dbiptv.sn.chinamobile.com/PLTV/88888890/224/3221226458/index.m3u8
聚鲨环球精选,difang,江西移动[CDN],http://hwrr.jx.chinamobile.com:8080/PLTV/88888888/224/3221225972/index.m3u8
聚鲨环球精选,difang,陕西移动[CDN],http://dbiptv.sn.chinamobile.com/PLTV/88888890/224/3221226207/index.m3u8
聚鲨环球精选,difang,陕西移动[CDN],http://dbiptv.sn.chinamobile.com/PLTV/88888890/224/3221226459/index.m3u8
聚鲨环球精选,difang,陕西移动[CDN],http://dbiptv.sn.chinamobile.com/PLTV/88888890/224/3221226461/index.m3u8
莱阳民生综艺,difang,齐鲁网,https://jsylivealone302.iqilu.com/laiyang/laiyang_tv02.m3u8
莱阳新闻综合,difang,齐鲁网,https://jsylivealone302.iqilu.com/laiyang/laiyang_tv01.m3u8
莱州商务HD,difang,齐鲁网,https://jsylivealone302.iqilu.com/live/laizhou_tv02.m3u8
兰山,difang,齐鲁网,https://jsylivealone302.iqilu.com/lanshan/lanshan_tv01.m3u8
乐陵城市生活,difang,齐鲁网,https://jsylivealone302.iqilu.com/laoling/laoling_tv02.m3u8
乐陵新闻综合,difang,齐鲁网,https://jsylivealone302.iqilu.com/laoling/laoling_tv01.m3u8
临清经济信息,difang,齐鲁网,https://jsylivealone302.iqilu.com/live/linqing_tv02.m3u8
临朐经济生活,difang,齐鲁网,https://jsylivealone302.iqilu.com/live/linqu_tv02.m3u8
临朐新闻综合,difang,齐鲁网,https://jsylivealone302.iqilu.com/live/linqu_tv01.m3u8
临沭2HD,difang,齐鲁网,https://jsylivealone302.iqilu.com/live/linshu_tv02.m3u8
留坝,difang,陕西移动[CDN],http://dbiptv.sn.chinamobile.com/PLTV/88888890/224/3221226000/index.m3u8
隆化综合频道,difang,官方,http://hblh.chinashadt.com:2036/live/stream:lh1.stream/playlist.m3u8
滦县综艺频道,difang,官方,http://hblxx.chinashadt.com:2036/live/stream:lx2.stream/playlist.m3u8
漠河综合,difang,黑龙江移动[CDN],http://ottrrs.hl.chinamobile.com/PLTV/88888888/224/3221226097/index.m3u8
南京少儿,difang,官方,http://live.nbs.cn/channels/njtv/sepd/m3u8:500k/live.m3u8
南京生活,difang,官方,http://live.nbs.cn/channels/njtv/shpd/m3u8:500k/live.m3u8
南京十八,difang,官方,http://live.nbs.cn/channels/njtv/sbpd/m3u8:500k/live.m3u8
南京新闻综合,difang,官方,http://live.nbs.cn/channels/njtv/xwzh/m3u8:500k/live.m3u8
南京信息,difang,官方,http://live.nbs.cn/channels/njtv/xxpd/m3u8:500k/live.m3u8
南京娱乐,difang,官方,http://live.nbs.cn/channels/njtv/ylpd/m3u8:500k/live.m3u8
宁强1,difang,陕西移动[CDN],http://dbiptv.sn.chinamobile.com/PLTV/88888890/224/3221226390/index.m3u8
宁强2,difang,陕西移动[CDN],http://dbiptv.sn.chinamobile.com/PLTV/88888890/224/3221226389/index.m3u8
七台河公共,difang,黑龙江移动[CDN],http://ottrrs.hl.chinamobile.com/PLTV/88888888/224/3221226006/index.m3u8
七台河新闻综合,difang,黑龙江移动[CDN],http://ottrrs.hl.chinamobile.com/PLTV/88888888/224/3221226003/index.m3u8
栖霞苹果,difang,齐鲁网,https://jsylivealone302.iqilu.com/live/qixia_tv02.m3u8
齐河新闻,difang,齐鲁网,https://jsylivealone302.iqilu.com/qihe/qihe_tv01.m3u8
青岛中华美食,difang,江西移动[CDN],http://hwrr.jx.chinamobile.com:8080/PLTV/88888888/224/3221225924/index.m3u8
青州文化旅游,difang,官方,http://sdqz.chinashadt.com:2036/live/stream:3.stream/playlist.m3u8
青州综合频道,difang,官方,http://sdqz.chinashadt.com:2036/live/stream:1.stream/playlist.m3u8
汝州HD,difang,河南大象融媒,http://live.dxhmt.cn:9081/tv/10482-1.m3u8
山东教育卫视,difang,陕西移动[CDN],http://dbiptv.sn.chinamobile.com/PLTV/88888890/224/3221226238/index.m3u8
山东教育卫视,difang,黑龙江移动[CDN],http://ottrrs.hl.chinamobile.com/PLTV/88888888/224/3221225655/index.m3u8
山亭影视,difang,齐鲁网,https://jsylivealone302.iqilu.com/live/shanting_tv02.m3u8
山亭综合,difang,齐鲁网,https://jsylivealone302.iqilu.com/live/shanting_tv01.m3u8
山西优购物,difang,陕西移动[CDN],http://dbiptv.sn.chinamobile.com/PLTV/88888890/224/3221226356/index.m3u8
山西优购物,difang,黑龙江移动[CDN],http://ottrrs.hl.chinamobile.com/PLTV/88888888/224/3221226123/index.m3u8
山西优购物HD,difang,江西移动[CDN],http://hwrr.jx.chinamobile.com:8080/PLTV/88888888/224/3221226219/index.m3u8
陕视直播,difang,陕西移动[CDN],http://dbiptv.sn.chinamobile.com/PLTV/88888890/224/3221226408/index.m3u8
陕西公共,difang,陕西移动[CDN],http://dbiptv.sn.chinamobile.com/PLTV/88888890/224/3221226361/index.m3u8
陕西乐家购物,difang,陕西移动[CDN],http://dbiptv.sn.chinamobile.com/PLTV/88888890/224/3221226362/index.m3u8
陕西生活,difang,陕西移动[CDN],http://dbiptv.sn.chinamobile.com/PLTV/88888890/224/3221226358/index.m3u8
陕西生活,difang,陕西移动[CDN],http://dbiptv.sn.chinamobile.com/PLTV/88888890/224/3221226359/index.m3u8
陕西体育休闲,difang,陕西移动[CDN],http://dbiptv.sn.chinamobile.com/PLTV/88888890/224/3221226363/index.m3u8
陕西西部电影,difang,陕西移动[CDN],http://dbiptv.sn.chinamobile.com/PLTV/88888890/224/3221226364/index.m3u8
陕西新闻资讯,difang,陕西移动[CDN],http://dbiptv.sn.chinamobile.com/PLTV/88888890/224/3221226357/index.m3u8
陕西影视,difang,陕西移动[CDN],http://dbiptv.sn.chinamobile.com/PLTV/88888890/224/3221226360/index.m3u8
商洛1,difang,陕西移动[CDN],http://dbiptv.sn.chinamobile.com/PLTV/88888890/224/3221226378/index.m3u8
上蔡HD,difang,河南大象融媒,http://live.dxhmt.cn:9081/tv/11722-1.m3u8
上海东方购物,difang,咪咕爱看,http://live.aikan.miguvideo.com/PLTV/88888888/224/3221229588/index.m3u8
上海哈哈炫动,difang,江西移动[CDN],http://hwrr.jx.chinamobile.com:8080/PLTV/88888888/224/3221225720/index.m3u8
上海哈哈炫动,difang,江西移动[CDN],http://hwrr.jx.chinamobile.com:8080/PLTV/88888888/224/3221225560/index.m3u8?fmt=ts2hls
上海哈哈炫动,difang,陕西移动[CDN],http://dbiptv.sn.chinamobile.com/PLTV/88888890/224/3221226213/index.m3u8
上海哈哈炫动,difang,黑龙江移动[CDN],http://ottrrs.hl.chinamobile.com/PLTV/88888888/224/3221225657/index.m3u8
上海纪实人文,difang,陕西移动[CDN],http://dbiptv.sn.chinamobile.com/PLTV/88888890/224/3221226230/index.m3u8
上海纪实人文,difang,黑龙江移动[CDN],http://ottrrs.hl.chinamobile.com/PLTV/88888888/224/3221225738/index.m3u8
上海纪实人文HD,difang,江西移动[CDN],http://hwrr.jx.chinamobile.com:8080/PLTV/88888888/224/3221225654/index.m3u8
上海纪实人文HD,difang,江西移动[CDN],http://hwrr.jx.chinamobile.com:8080/PLTV/88888888/224/3221225609/index.m3u8?fmt=ts2hls
上海纪实人文HD,difang,江西移动[CDN],http://hwrr.jx.chinamobile.com:8080/PLTV/88888888/224/3221225655/index.m3u8
上虞3新商都,difang,官方,http://l.cztvcloud.com/channels/lantian/SXshangyu3/720p.m3u8
邵东综合频道,difang,官方,http://hnsd.chinashadt.com:2036/live/stream:shaodong.stream/playlist.m3u8
嵊州综合,difang,官方,http://l.cztvcloud.com/channels/lantian/SXshengzhou1/720p.m3u8
数码时代,difang,咪咕爱看,http://live.aikan.miguvideo.com/PLTV/88888888/224/3221229419/index.m3u8
宿州科教频道,difang,官方,http://live.ahsz.tv/video/s10001-kxjy/index.m3u8
宿州新闻综合,difang,官方,http://live.ahsz.tv/video/s10001-szzh/index.m3u8
台球,difang,陕西移动[CDN],http://dbiptv.sn.chinamobile.com/PLTV/88888890/224/3221226348/index.m3u8
郯城2HD,difang,齐鲁网,https://jsylivealone302.iqilu.com/live/tancheng_tv02.m3u8
唐河HD,difang,河南大象融媒,http://live.dxhmt.cn:9081/tv/11328-1.m3u8
铜川1,difang,陕西移动[CDN],http://dbiptv.sn.chinamobile.com/PLTV/88888890/224/3221226379/index.m3u8
铜川2,difang,陕西移动[CDN],http://dbiptv.sn.chinamobile.com/PLTV/88888890/224/3221226380/index.m3u8
万州影视文艺,difang,官方,http://wanzhoulive.cbg.cn:8017/d4ceB1a/1000/live.m3u8
万州综合频道,difang,官方,http://wanzhoulive.cbg.cn:8017/iTXwrGs/800/live.m3u8
威海公共,difang,齐鲁网,https://jsylivealone302.iqilu.com/live/weihai_tv02.m3u8
威海海洋,difang,齐鲁网,https://jsylivealone302.iqilu.com/live/weihai_tv03.m3u8
威海新闻综合,difang,齐鲁网,https://jsylivealone302.iqilu.com/live/weihai_tv01.m3u8
渭南,difang,陕西移动[CDN],http://dbiptv.sn.chinamobile.com/PLTV/88888890/224/3221226376/index.m3u8
涡阳新闻综合,difang,官方,http://220.180.110.101:8083/videos/live/36/57/hwEHU4UVQ1Iv5/hwEHU4UVQ1Iv5.M3U8
武进新闻频道,difang,官方,http://live.wjyanghu.com/live/CH1.m3u8
西安1,difang,陕西移动[CDN],http://dbiptv.sn.chinamobile.com/PLTV/88888890/224/3221226366/index.m3u8
西安2,difang,陕西移动[CDN],http://dbiptv.sn.chinamobile.com/PLTV/88888890/224/3221226367/index.m3u8
西安3,difang,陕西移动[CDN],http://dbiptv.sn.chinamobile.com/PLTV/88888890/224/3221226368/index.m3u8
西安4,difang,陕西移动[CDN],http://dbiptv.sn.chinamobile.com/PLTV/88888890/224/3221226369/index.m3u8
西安健康,difang,官方,http://stream2.xiancity.cn/xatv5/sd/live.m3u8
西安教育,difang,陕西移动[CDN],http://dbiptv.sn.chinamobile.com/PLTV/88888890/224/3221226371/index.m3u8
西安丝路,difang,陕西移动[CDN],http://dbiptv.sn.chinamobile.com/PLTV/88888890/224/3221226370/index.m3u8
西安新闻,difang,官方,http://stream2.xiancity.cn/xatv1/sd/live.m3u8
西安音乐综艺,difang,官方,http://stream2.xiancity.cn/xatv6/sd/live.m3u8
西安影视,difang,官方,http://stream2.xiancity.cn/xatv4/sd/live.m3u8
西安资讯,difang,官方,http://stream2.xiancity.cn/xatv3/sd/live.m3u8
西藏卫视,difang,陕西移动[CDN],http://dbiptv.sn.chinamobile.com/PLTV/88888890/224/3221226212/index.m3u8
西藏卫视,difang,黑龙江移动[CDN],http://ottrrs.hl.chinamobile.com/PLTV/88888888/224/3221225638/index.m3u8
西藏卫视,difang,黑龙江移动[CDN],http://ottrrs.hl.chinamobile.com/PLTV/88888888/224/3221226040/index.m3u8
西乡,difang,陕西移动[CDN],http://dbiptv.sn.chinamobile.com/PLTV/88888890/224/3221226556/index.m3u8
咸阳1,difang,陕西移动[CDN],http://dbiptv.sn.chinamobile.com/PLTV/88888890/224/3221226372/index.m3u8
湘潭综合,difang,官方,http://live.hnxttv.com:9601/live/xwzh/800K/tzwj_video.m3u8
萧山生活频道,difang,官方,http://l.cztvcloud.com/channels/lantian/SXxiaoshan2/720p.m3u8
萧山新闻综合,difang,官方,http://l.cztvcloud.com/channels/lantian/SXxiaoshan1/720p.m3u8
新昌新闻综合,difang,官方,http://l.cztvcloud.com/channels/lantian/SXxinchang1/720p.m3u8
新昌休闲影视,difang,官方,http://l.cztvcloud.com/channels/lantian/SXxinchang2/720p.m3u8
新疆兵团卫视,difang,黑龙江移动[CDN],http://ottrrs.hl.chinamobile.com/PLTV/88888888/224/3221226026/index.m3u8
新疆卫视,difang,陕西移动[CDN],http://dbiptv.sn.chinamobile.com/PLTV/88888890/224/3221225747/index.m3u8
新疆卫视,difang,黑龙江移动[CDN],http://ottrrs.hl.chinamobile.com/PLTV/88888888/224/3221225635/index.m3u8
新疆卫视,difang,黑龙江移动[CDN],http://ottrrs.hl.chinamobile.com/PLTV/88888888/224/3221226048/index.m3u8
新罗电视一套,difang,官方,http://stream.lyxltv.com/xltv/sd/live.m3u8
新泰乡村HD,difang,齐鲁网,https://jsylivealone302.iqilu.com/xintai/xintai_tv02.m3u8
新泰乡村党建,difang,官方,http://live.xtgdw.cn:1935/live/xtxc/playlist.m3u8
新泰新闻综合HD,difang,齐鲁网,https://jsylivealone302.iqilu.com/xintai/xintai_tv01.m3u8
新泰综合频道,difang,官方,http://live.xtgdw.cn:1935/live/xtzh/playlist.m3u8
徐州1HD,difang,江苏移动,http://183.207.249.15/PLTV/3/224/3221225945/index.m3u8
徐州4HD,difang,江苏移动,http://183.207.249.15/PLTV/3/224/3221225951/index.m3u8
徐州公共频道,difang,江苏移动,http://183.207.248.11/PLTV/3/224/3221225951/index.m3u8
徐州生活,difang,官方,http://stream1.huaihai.tv/jjsh/playlist.m3u8
徐州影视,difang,官方,http://stream1.huaihai.tv/wyys/playlist.m3u8
徐州综合,difang,官方,http://stream1.huaihai.tv/xwzh/playlist.m3u8
延安公共,difang,陕西移动[CDN],http://dbiptv.sn.chinamobile.com/PLTV/88888890/224/3221226375/index.m3u8
延安公共,difang,陕西移动[CDN],http://dbiptv.sn.chinamobile.com/PLTV/88888890/224/3221226387/index.m3u8
延安新闻综合,difang,陕西移动[CDN],http://dbiptv.sn.chinamobile.com/PLTV/88888890/224/3221226374/index.m3u8
延安新闻综合,difang,陕西移动[CDN],http://dbiptv.sn.chinamobile.com/PLTV/88888890/224/3221226386/index.m3u8
兖州生活,difang,齐鲁网,https://jsylivealone302.iqilu.com/live/yanzhou_tv02.m3u8
央广购物,difang,陕西移动[CDN],http://dbiptv.sn.chinamobile.com/PLTV/88888890/224/3221226032/index.m3u8
央广购物,difang,黑龙江移动[CDN],http://ottrrs.hl.chinamobile.com/PLTV/88888888/224/3221226068/index.m3u8
央广购物,difang,黑龙江移动[CDN],http://ottrrs.hl.chinamobile.com/PLTV/88888888/224/3221226065/index.m3u8
杨凌,difang,陕西移动[CDN],http://dbiptv.sn.chinamobile.com/PLTV/88888890/224/3221226373/index.m3u8
永新电视三套,difang,官方,http://jxyx.chinashadt.com:2036/live/1004.stream/playlist.m3u8
永新电视一套,difang,官方,http://jxyx.chinashadt.com:2036/live/1002.stream/playlist.m3u8
余姚新闻综合,difang,官方,http://l.cztvcloud.com/channels/lantian/SXyuyao1/720p.m3u8
余姚幸福生活,difang,官方,http://l.cztvcloud.com/channels/lantian/SXyuyao3/720p.m3u8
余姚姚江文化,difang,官方,http://l.cztvcloud.com/channels/lantian/SXyuyao2/720p.m3u8
榆林1,difang,陕西移动[CDN],http://dbiptv.sn.chinamobile.com/PLTV/88888890/224/3221226377/index.m3u8
玉溪公共,difang,太阳云视,http://hwzbout.yunshicloud.com/r5fc3f/4kzlat.m3u8
枣庄教育频道,difang,官方,http://stream.zzgd.tv/2/sd/live.m3u8
枣庄新闻综合,difang,官方,http://stream.zzgd.tv/1/sd/live.m3u8
张家港新闻综合,difang,官方,http://3gvod.zjgonline.com.cn:1935/live/xinwenzonghe2/playlist.m3u8
章丘1,difang,齐鲁网,https://jsylivealone302.iqilu.com/live/zhangqiu_tv01.m3u8
章丘2,difang,齐鲁网,https://jsylivealone302.iqilu.com/live/zhangqiu_tv02.m3u8
赵县电视二套,difang,官方,http://hbzx.chinashadt.com:2036/zhibo/stream:zx2.stream/playlist.m3u8
赵县电视二套,difang,官方,http://hbzx.chinashadt.com:2036/zhibo/stream:zx2.stream_360p/playlist.m3u8
赵县电视一套,difang,官方,http://hbzx.chinashadt.com:2036/zhibo/stream:zx1.stream_360p/playlist.m3u8
浙江公共新闻HD,difang,浙江中国蓝官方,http://hw-m-l.cztv.com/channels/lantian/channel07/1080p.m3u8
浙江公共新闻HD,difang,浙江中国蓝官方,http://yd-m-l.cztv.com/channels/lantian/channel07/1080p.m3u8
浙江国际HD,difang,浙江中国蓝官方,http://hw-m-l.cztv.com/channels/lantian/channel010/1080p.m3u8
浙江国际HD,difang,浙江中国蓝官方,http://hw-m-l.cztv.com/channels/lantian/channel10/1080p.m3u8
浙江国际HD,difang,浙江中国蓝官方,http://yd-m-l.cztv.com/channels/lantian/channel010/1080p.m3u8
浙江国际HD,difang,浙江中国蓝官方,http://yd-m-l.cztv.com/channels/lantian/channel10/1080p.m3u8
浙江好易购HD,difang,浙江中国蓝官方,http://hw-m-l.cztv.com/channels/lantian/channel011/1080p.m3u8
浙江好易购HD,difang,浙江中国蓝官方,http://hw-m-l.cztv.com/channels/lantian/channel11/1080p.m3u8
浙江好易购HD,difang,浙江中国蓝官方,http://yd-m-l.cztv.com/channels/lantian/channel011/1080p.m3u8
浙江好易购HD,difang,浙江中国蓝官方,http://yd-m-l.cztv.com/channels/lantian/channel11/1080p.m3u8
浙江教科影视HD,difang,浙江中国蓝官方,http://hw-m-l.cztv.com/channels/lantian/channel004/1080p.m3u8
浙江教科影视HD,difang,浙江中国蓝官方,http://hw-m-l.cztv.com/channels/lantian/channel04/1080p.m3u8
浙江教科影视HD,difang,浙江中国蓝官方,http://yd-m-l.cztv.com/channels/lantian/channel004/1080p.m3u8
浙江教科影视HD,difang,浙江中国蓝官方,http://yd-m-l.cztv.com/channels/lantian/channel04/1080p.m3u8
浙江经济生活HD,difang,浙江中国蓝官方,http://hw-m-l.cztv.com/channels/lantian/channel003/1080p.m3u8
浙江经济生活HD,difang,浙江中国蓝官方,http://hw-m-l.cztv.com/channels/lantian/channel03/1080p.m3u8
浙江经济生活HD,difang,浙江中国蓝官方,http://yd-m-l.cztv.com/channels/lantian/channel003/1080p.m3u8
浙江经济生活HD,difang,浙江中国蓝官方,http://yd-m-l.cztv.com/channels/lantian/channel03/1080p.m3u8
浙江民生休闲HD,difang,浙江中国蓝官方,http://hw-m-l.cztv.com/channels/lantian/channel006/1080p.m3u8
浙江民生休闲HD,difang,浙江中国蓝官方,http://hw-m-l.cztv.com/channels/lantian/channel06/1080p.m3u8
浙江民生休闲HD,difang,浙江中国蓝官方,http://yd-m-l.cztv.com/channels/lantian/channel006/1080p.m3u8
浙江民生休闲HD,difang,浙江中国蓝官方,http://yd-m-l.cztv.com/channels/lantian/channel06/1080p.m3u8
浙江钱江HD,difang,浙江中国蓝官方,http://hw-m-l.cztv.com/channels/lantian/channel002/1080p.m3u8
浙江钱江HD,difang,浙江中国蓝官方,http://hw-m-l.cztv.com/channels/lantian/channel02/1080p.m3u8
浙江钱江HD,difang,浙江中国蓝官方,http://yd-m-l.cztv.com/channels/lantian/channel002/1080p.m3u8
浙江钱江HD,difang,浙江中国蓝官方,http://yd-m-l.cztv.com/channels/lantian/channel02/1080p.m3u8
浙江少儿HD,difang,浙江中国蓝官方,http://hw-m-l.cztv.com/channels/lantian/channel008/1080p.m3u8
浙江少儿HD,difang,浙江中国蓝官方,http://hw-m-l.cztv.com/channels/lantian/channel08/1080p.m3u8
浙江少儿HD,difang,浙江中国蓝官方,http://yd-m-l.cztv.com/channels/lantian/channel008/1080p.m3u8
浙江少儿HD,difang,浙江中国蓝官方,http://yd-m-l.cztv.com/channels/lantian/channel08/1080p.m3u8
浙江数码时代HD,difang,浙江中国蓝官方,http://hw-m-l.cztv.com/channels/lantian/channel012/1080p.m3u8
浙江数码时代HD,difang,浙江中国蓝官方,http://hw-m-l.cztv.com/channels/lantian/channel12/1080p.m3u8
浙江数码时代HD,difang,浙江中国蓝官方,http://yd-m-l.cztv.com/channels/lantian/channel012/1080p.m3u8
浙江数码时代HD,difang,浙江中国蓝官方,http://yd-m-l.cztv.com/channels/lantian/channel12/1080p.m3u8
中国交通,difang,陕西移动[CDN],http://dbiptv.sn.chinamobile.com/PLTV/88888890/224/3221226248/index.m3u8
重庆汽摩,difang,江西移动[CDN],http://hwrr.jx.chinamobile.com:8080/PLTV/88888888/224/3221225506/index.m3u8?fmt=ts2hls
重庆移动公交,difang,官方,http://qxlmlive.cbg.cn:1935/app_2/ls_57.stream/chunklist.m3u8
重庆综合,difang,官方,http://qxlmlive.cbg.cn:1935/app_2/ls_44.stream/chunklist.m3u8
舟山群岛旅游,difang,官方,http://live.wifizs.cn/qdly/sd/live.m3u8
舟山新闻综合,difang,官方,http://live.wifizs.cn/xwzh/sd/live.m3u8
CHC动作电影,special,陕西移动[CDN],http://dbiptv.sn.chinamobile.com/PLTV/88888890/224/3221226465/index.m3u8
CHC高清电影,special,陕西移动[CDN],http://dbiptv.sn.chinamobile.com/PLTV/88888890/224/3221226463/index.m3u8
CHC家庭影院,special,陕西移动[CDN],http://dbiptv.sn.chinamobile.com/PLTV/88888890/224/3221226462/index.m3u8
iPanda成都,special,熊猫频道官方,http://gcalic.v.myalicdn.com/gc/ipanda_1/index.m3u8
iPanda成都,special,熊猫频道官方,http://gctxyc.liveplay.myqcloud.com/gc/ipanda_1/index.m3u8
iPanda成都,special,熊猫频道官方,http://gcalic.v.myalicdn.com/gc/ipanda_1td/index.m3u8
iPanda成都,special,熊猫频道官方,http://gcalic.v.myalicdn.com/gc/ipanda_1ud/index.m3u8
iPanda成都,special,熊猫频道官方,http://gcalic.v.myalicdn.com/gc/ipanda_1hd/index.m3u8
iPanda成都,special,熊猫频道官方,http://gcalic.v.myalicdn.com/gc/ipanda_1md/index.m3u8
iPanda大丰麋鹿,special,熊猫频道官方,http://gcalic.v.myalicdn.com/gc/xiongmao23_1/index.m3u8
iPanda大丰麋鹿,special,熊猫频道官方,http://gcksc.v.kcdnvip.com/gc/xiongmao23_1/index.m3u8
iPanda都江堰,special,熊猫频道官方,http://gcalic.v.myalicdn.com/gc/ipanda1000_1/index.m3u8
iPanda都江堰,special,熊猫频道官方,http://gcbsc.v.live.baishancdnx.cn/gc/ipanda1000_1/index.m3u8
iPanda都江堰,special,熊猫频道官方,http://gccncc.v.wscdns.com/gc/ipanda1000_1/index.m3u8
iPanda都江堰,special,熊猫频道官方,http://gccnchwc.v.cdn20.com/gc/ipanda1000_1/index.m3u8
iPanda都江堰,special,熊猫频道官方,http://gcksc.v.kcdnvip.com/gc/ipanda1000_1/index.m3u8
iPanda都江堰,special,熊猫频道官方,http://gctxyc.liveplay.myqcloud.com/gc/ipanda1000_1/index.m3u8
iPanda都江堰,special,熊猫频道官方,http://gcalic.v.myalicdn.com/gc/ipanda1000_1td/index.m3u8
iPanda都江堰,special,熊猫频道官方,http://gcalic.v.myalicdn.com/gc/ipanda1000_1ud/index.m3u8
iPanda都江堰,special,熊猫频道官方,http://gcalic.v.myalicdn.com/gc/ipanda1000_1hd/index.m3u8
iPanda都江堰,special,熊猫频道官方,http://gcalic.v.myalicdn.com/gc/ipanda1000_1md/index.m3u8
iPanda都江堰妃妃,special,熊猫频道官方,http://gcalic.v.myalicdn.com/gc/xiongmao13_1/index.m3u8
iPanda都江堰妃妃,special,熊猫频道官方,http://gcbsc.v.live.baishancdnx.cn/gc/xiongmao13_1/index.m3u8
iPanda都江堰妃妃,special,熊猫频道官方,http://gcksc.v.kcdnvip.com/gc/xiongmao13_1/index.m3u8
iPanda都江堰妃妃,special,熊猫频道官方,http://gctxyc.liveplay.myqcloud.com/gc/xiongmao13_1/index.m3u8
iPanda都江堰青青,special,熊猫频道官方,http://gcalic.v.myalicdn.com/gc/xiongmao20_1/index.m3u8
iPanda都江堰青青,special,熊猫频道官方,http://gcbsc.v.live.baishancdnx.cn/gc/xiongmao20_1/index.m3u8
iPanda都江堰青青,special,熊猫频道官方,http://gcksc.v.kcdnvip.com/gc/xiongmao20_1/index.m3u8
iPanda都江堰青青,special,熊猫频道官方,http://gctxyc.liveplay.myqcloud.com/gc/xiongmao20_1/index.m3u8
iPanda都江堰瑞瑞,special,熊猫频道官方,http://gcalic.v.myalicdn.com/gc/xiongmao11_1/index.m3u8
iPanda都江堰瑞瑞,special,熊猫频道官方,http://gcbsc.v.live.baishancdnx.cn/gc/xiongmao11_1/index.m3u8
iPanda都江堰瑞瑞,special,熊猫频道官方,http://gcksc.v.kcdnvip.com/gc/xiongmao11_1/index.m3u8
iPanda都江堰瑞瑞,special,熊猫频道官方,http://gctxyc.liveplay.myqcloud.com/gc/xiongmao11_1/index.m3u8
iPanda都江堰水秀,special,熊猫频道官方,http://gcalic.v.myalicdn.com/gc/xiongmao12_1/index.m3u8
iPanda都江堰水秀,special,熊猫频道官方,http://gcbsc.v.live.baishancdnx.cn/gc/xiongmao12_1/index.m3u8
iPanda都江堰水秀,special,熊猫频道官方,http://gcksc.v.kcdnvip.com/gc/xiongmao12_1/index.m3u8
iPanda都江堰水秀,special,熊猫频道官方,http://gctxyc.liveplay.myqcloud.com/gc/xiongmao12_1/index.m3u8
iPanda都江堰娅祥,special,熊猫频道官方,http://gcalic.v.myalicdn.com/gc/xiongmao15_1/index.m3u8
iPanda都江堰娅祥,special,熊猫频道官方,http://gcbsc.v.live.baishancdnx.cn/gc/xiongmao15_1/index.m3u8
iPanda都江堰娅祥,special,熊猫频道官方,http://gcksc.v.kcdnvip.com/gc/xiongmao15_1/index.m3u8
iPanda都江堰娅祥,special,熊猫频道官方,http://gctxyc.liveplay.myqcloud.com/gc/xiongmao15_1/index.m3u8
iPanda都江堰壹壹玖玖,special,熊猫频道官方,http://gcalic.v.myalicdn.com/gc/xiongmao14_1/index.m3u8
iPanda都江堰壹壹玖玖,special,熊猫频道官方,http://gcbsc.v.live.baishancdnx.cn/gc/xiongmao14_1/index.m3u8
iPanda都江堰壹壹玖玖,special,熊猫频道官方,http://gcksc.v.kcdnvip.com/gc/xiongmao14_1/index.m3u8
iPanda都江堰壹壹玖玖,special,熊猫频道官方,http://gctxyc.liveplay.myqcloud.com/gc/xiongmao14_1/index.m3u8
iPanda都江堰英英,special,熊猫频道官方,http://gcalic.v.myalicdn.com/gc/xiongmao16_1/index.m3u8
iPanda都江堰英英,special,熊猫频道官方,http://gcbsc.v.live.baishancdnx.cn/gc/xiongmao16_1/index.m3u8
iPanda都江堰英英,special,熊猫频道官方,http://gcksc.v.kcdnvip.com/gc/xiongmao16_1/index.m3u8
iPanda都江堰英英,special,熊猫频道官方,http://gctxyc.liveplay.myqcloud.com/gc/xiongmao16_1/index.m3u8
iPanda基地别墅①,special,熊猫频道官方,http://gcalic.v.myalicdn.com/gc/xiongmao09_1/index.m3u8
iPanda基地别墅①,special,熊猫频道官方,http://gcbsc.v.live.baishancdnx.cn/gc/xiongmao09_1/index.m3u8
iPanda基地别墅①,special,熊猫频道官方,http://gcksc.v.kcdnvip.com/gc/xiongmao09_1/index.m3u8
iPanda基地别墅①,special,熊猫频道官方,http://gctxyc.liveplay.myqcloud.com/gc/xiongmao09_1/index.m3u8
iPanda基地别墅②,special,熊猫频道官方,http://gcalic.v.myalicdn.com/gc/xiongmao10_1/index.m3u8
iPanda基地别墅②,special,熊猫频道官方,http://gcbsc.v.live.baishancdnx.cn/gc/xiongmao10_1/index.m3u8
iPanda基地别墅②,special,熊猫频道官方,http://gcksc.v.kcdnvip.com/gc/xiongmao10_1/index.m3u8
iPanda基地别墅②,special,熊猫频道官方,http://gctxyc.liveplay.myqcloud.com/gc/xiongmao10_1/index.m3u8
iPanda基地成年园①,special,熊猫频道官方,http://gcalic.v.myalicdn.com/gc/xiongmao01_1/index.m3u8
iPanda基地成年园①,special,熊猫频道官方,http://gcksc.v.kcdnvip.com/gc/xiongmao01_1/index.m3u8
iPanda基地成年园②,special,熊猫频道官方,http://gcalic.v.myalicdn.com/gc/xiongmao02_1/index.m3u8
iPanda基地成年园②,special,熊猫频道官方,http://gcbsc.v.live.baishancdnx.cn/gc/xiongmao02_1/index.m3u8
iPanda基地成年园②,special,熊猫频道官方,http://gcksc.v.kcdnvip.com/gc/xiongmao02_1/index.m3u8
iPanda基地成年园②,special,熊猫频道官方,http://gctxyc.liveplay.myqcloud.com/gc/xiongmao02_1/index.m3u8
iPanda基地母子园①,special,熊猫频道官方,http://gcalic.v.myalicdn.com/gc/xiongmao07_1/index.m3u8
iPanda基地母子园①,special,熊猫频道官方,http://gcbsc.v.live.baishancdnx.cn/gc/xiongmao07_1/index.m3u8
iPanda基地母子园①,special,熊猫频道官方,http://gcksc.v.kcdnvip.com/gc/xiongmao07_1/index.m3u8
iPanda基地母子园①,special,熊猫频道官方,http://gctxyc.liveplay.myqcloud.com/gc/xiongmao07_1/index.m3u8
iPanda基地母子园②,special,熊猫频道官方,http://gcalic.v.myalicdn.com/gc/xiongmao08_1/index.m3u8
iPanda基地母子园②,special,熊猫频道官方,http://gcbsc.v.live.baishancdnx.cn/gc/xiongmao08_1/index.m3u8
iPanda基地母子园②,special,熊猫频道官方,http://gcksc.v.kcdnvip.com/gc/xiongmao08_1/index.m3u8
iPanda基地母子园②,special,熊猫频道官方,http://gctxyc.liveplay.myqcloud.com/gc/xiongmao08_1/index.m3u8
iPanda基地幼儿园①,special,熊猫频道官方,http://gcalic.v.myalicdn.com/gc/xiongmao05_1/index.m3u8
iPanda基地幼儿园①,special,熊猫频道官方,http://gcbsc.v.live.baishancdnx.cn/gc/xiongmao05_1/index.m3u8
iPanda基地幼儿园①,special,熊猫频道官方,http://gcksc.v.kcdnvip.com/gc/xiongmao05_1/index.m3u8
iPanda基地幼儿园①,special,熊猫频道官方,http://gctxyc.liveplay.myqcloud.com/gc/xiongmao05_1/index.m3u8
iPanda基地幼儿园②,special,熊猫频道官方,http://gcalic.v.myalicdn.com/gc/xiongmao06_1/index.m3u8
iPanda基地幼儿园②,special,熊猫频道官方,http://gcksc.v.kcdnvip.com/gc/xiongmao06_1/index.m3u8
iPanda基地幼年园①,special,熊猫频道官方,http://gcalic.v.myalicdn.com/gc/xiongmao03_1/index.m3u8
iPanda基地幼年园①,special,熊猫频道官方,http://gcbsc.v.live.baishancdnx.cn/gc/xiongmao03_1/index.m3u8
iPanda基地幼年园①,special,熊猫频道官方,http://gctxyc.liveplay.myqcloud.com/gc/xiongmao03_1/index.m3u8
iPanda基地幼年园②,special,熊猫频道官方,http://gcalic.v.myalicdn.com/gc/xiongmao04_1/index.m3u8
iPanda怡然②,special,熊猫频道官方,http://gcalic.v.myalicdn.com/gc/xiongmao18_1/index.m3u8
iPanda怡然②,special,熊猫频道官方,http://gcbsc.v.live.baishancdnx.cn/gc/xiongmao18_1/index.m3u8
iPanda怡然②,special,熊猫频道官方,http://gcksc.v.kcdnvip.com/gc/xiongmao18_1/index.m3u8
iPanda怡然②,special,熊猫频道官方,http://gctxyc.liveplay.myqcloud.com/gc/xiongmao18_1/index.m3u8
IPTV相声小品,special,陕西移动[CDN],http://dbiptv.sn.chinamobile.com/PLTV/88888890/224/3221226346/index.m3u8
NewTV爱情喜剧,special,黑龙江移动[CDN],http://ottrrs.hl.chinamobile.com/PLTV/88888888/224/3221225669/index.m3u8
NewTV爱情喜剧HD,special,江西移动[CDN],http://hwrr.jx.chinamobile.com:8080/PLTV/88888888/224/3221225748/index.m3u8
NewTV超级电视剧,special,黑龙江移动[CDN],http://ottrrs.hl.chinamobile.com/PLTV/88888888/224/3221225716/index.m3u8
NewTV超级电视剧HD,special,江西移动[CDN],http://hwrr.jx.chinamobile.com:8080/PLTV/88888888/224/3221225625/index.m3u8
NewTV超级电视剧HD,special,江西移动[CDN],http://hwrr.jx.chinamobile.com:8080/PLTV/88888888/224/3221225765/index.m3u8
NewTV超级电影,special,黑龙江移动[CDN],http://ottrrs.hl.chinamobile.com/PLTV/88888888/224/3221225717/index.m3u8
NewTV超级电影HD,special,江西移动[CDN],http://hwrr.jx.chinamobile.com:8080/PLTV/88888888/224/3221225623/index.m3u8
NewTV超级电影HD,special,江西移动[CDN],http://hwrr.jx.chinamobile.com:8080/PLTV/88888888/224/3221225766/index.m3u8
NewTV超级体育,special,黑龙江移动[CDN],http://ottrrs.hl.chinamobile.com/PLTV/88888888/224/3221225715/index.m3u8
NewTV超级体育HD,special,江西移动[CDN],http://hwrr.jx.chinamobile.com:8080/PLTV/88888888/224/3221225622/index.m3u8
NewTV超级体育HD,special,江西移动[CDN],http://hwrr.jx.chinamobile.com:8080/PLTV/88888888/224/3221225648/index.m3u8
NewTV超级体育HD,special,江西移动[CDN],http://hwrr.jx.chinamobile.com:8080/PLTV/88888888/224/3221225767/index.m3u8
NewTV超级综艺,special,黑龙江移动[CDN],http://ottrrs.hl.chinamobile.com/PLTV/88888888/224/3221225714/index.m3u8
NewTV超级综艺HD,special,江西移动[CDN],http://hwrr.jx.chinamobile.com:8080/PLTV/88888888/224/3221225620/index.m3u8
NewTV超级综艺HD,special,江西移动[CDN],http://hwrr.jx.chinamobile.com:8080/PLTV/88888888/224/3221225768/index.m3u8
NewTV潮妈辣婆,special,黑龙江移动[CDN],http://ottrrs.hl.chinamobile.com/PLTV/88888888/224/3221225685/index.m3u8
NewTV潮妈辣婆HD,special,江西移动[CDN],http://hwrr.jx.chinamobile.com:8080/PLTV/88888888/224/3221225708/index.m3u8
NewTV东北热剧,special,黑龙江移动[CDN],http://ottrrs.hl.chinamobile.com/PLTV/88888888/224/3221225741/index.m3u8
NewTV东北热剧HD,special,江西移动[CDN],http://hwrr.jx.chinamobile.com:8080/PLTV/88888888/224/3221226202/index.m3u8
Newtv动画王国2,special,江苏移动,http://183.207.249.8/PLTV/3/224/3221225555/index.m3u8
NewTV动作电影,special,黑龙江移动[CDN],http://ottrrs.hl.chinamobile.com/PLTV/88888888/224/3221225661/index.m3u8
NewTV动作电影HD,special,江西移动[CDN],http://hwrr.jx.chinamobile.com:8080/PLTV/88888888/224/3221225671/index.m3u8
NewTV古装剧场,special,黑龙江移动[CDN],http://ottrrs.hl.chinamobile.com/PLTV/88888888/224/3221225663/index.m3u8
NewTV古装剧场HD,special,江西移动[CDN],http://hwrr.jx.chinamobile.com:8080/PLTV/88888888/224/3221225678/index.m3u8
NewTV广东HD,special,江西移动[CDN],http://hwrr.jx.chinamobile.com:8080/PLTV/88888888/224/3221226185/index.m3u8
NewTV广西,special,江西移动[CDN],http://hwrr.jx.chinamobile.com:8080/PLTV/88888888/224/3221226186/index.m3u8
NewTV海外剧场,special,黑龙江移动[CDN],http://ottrrs.hl.chinamobile.com/PLTV/88888888/224/3221225671/index.m3u8
NewTV海外剧场HD,special,江西移动[CDN],http://hwrr.jx.chinamobile.com:8080/PLTV/88888888/224/3221225712/index.m3u8
NewTV黑龙江HD,special,江西移动[CDN],http://hwrr.jx.chinamobile.com:8080/PLTV/88888888/224/3221226192/index.m3u8
NewTV欢乐剧场,special,黑龙江移动[CDN],http://ottrrs.hl.chinamobile.com/PLTV/88888888/224/3221225742/index.m3u8
NewTV欢乐剧场HD,special,江西移动[CDN],http://hwrr.jx.chinamobile.com:8080/PLTV/88888888/224/3221226210/index.m3u8
NewTV吉林HD,special,江西移动[CDN],http://hwrr.jx.chinamobile.com:8080/PLTV/88888888/224/3221226189/index.m3u8
NewTV家庭剧场,special,黑龙江移动[CDN],http://ottrrs.hl.chinamobile.com/PLTV/88888888/224/3221225677/index.m3u8
NewTV家庭剧场HD,special,江西移动[CDN],http://hwrr.jx.chinamobile.com:8080/PLTV/88888888/224/3221225713/index.m3u8
NewTV江西HD,special,江西移动[CDN],http://hwrr.jx.chinamobile.com:8080/PLTV/88888888/224/3221225979/index.m3u8
NewTV金牌综艺,special,黑龙江移动[CDN],http://ottrrs.hl.chinamobile.com/PLTV/88888888/224/3221225666/index.m3u8
NewTV金牌综艺HD,special,江西移动[CDN],http://hwrr.jx.chinamobile.com:8080/PLTV/88888888/224/3221225711/index.m3u8
NewTV惊悚悬疑,special,黑龙江移动[CDN],http://ottrrs.hl.chinamobile.com/PLTV/88888888/224/3221225665/index.m3u8
NewTV惊悚悬疑HD,special,江西移动[CDN],http://hwrr.jx.chinamobile.com:8080/PLTV/88888888/224/3221225717/index.m3u8
NewTV精品大剧,special,黑龙江移动[CDN],http://ottrrs.hl.chinamobile.com/PLTV/88888888/224/3221225670/index.m3u8
NewTV精品大剧HD,special,江西移动[CDN],http://hwrr.jx.chinamobile.com:8080/PLTV/88888888/224/3221225714/index.m3u8
NewTV精品电影HD,special,江苏移动,http://183.207.249.14/PLTV/3/224/3221225567/index.m3u8
NewTV精品纪录,special,黑龙江移动[CDN],http://ottrrs.hl.chinamobile.com/PLTV/88888888/224/3221225672/index.m3u8
NewTV精品纪录HD,special,江西移动[CDN],http://hwrr.jx.chinamobile.com:8080/PLTV/88888888/224/3221225710/index.m3u8
NewTV精品体育HD,special,江西移动[CDN],http://hwrr.jx.chinamobile.com:8080/PLTV/88888888/224/3221225709/index.m3u8
NewTV军旅剧场,special,黑龙江移动[CDN],http://ottrrs.hl.chinamobile.com/PLTV/88888888/224/3221225676/index.m3u8
NewTV军旅剧场HD,special,江西移动[CDN],http://hwrr.jx.chinamobile.com:8080/PLTV/88888888/224/3221225669/index.m3u8
NewTV军事评论,special,黑龙江移动[CDN],http://ottrrs.hl.chinamobile.com/PLTV/88888888/224/3221225668/index.m3u8
NewTV军事评论HD,special,江西移动[CDN],http://hwrr.jx.chinamobile.com:8080/PLTV/88888888/224/3221225757/index.m3u8
NewTV明星大片,special,黑龙江移动[CDN],http://ottrrs.hl.chinamobile.com/PLTV/88888888/224/3221225664/index.m3u8
NewTV明星大片HD,special,江西移动[CDN],http://hwrr.jx.chinamobile.com:8080/PLTV/88888888/224/3221225716/index.m3u8
NewTV农业致富,special,黑龙江移动[CDN],http://ottrrs.hl.chinamobile.com/PLTV/88888888/224/3221225683/index.m3u8
NewTV农业致富HD,special,江西移动[CDN],http://hwrr.jx.chinamobile.com:8080/PLTV/88888888/224/3221225670/index.m3u8
NewTV山东HD,special,江西移动[CDN],http://hwrr.jx.chinamobile.com:8080/PLTV/88888888/224/3221226184/index.m3u8
NewTV四川HD,special,江西移动[CDN],http://hwrr.jx.chinamobile.com:8080/PLTV/88888888/224/3221226187/index.m3u8
NewTV武搏世界,special,黑龙江移动[CDN],http://ottrrs.hl.chinamobile.com/PLTV/88888888/224/3221225680/index.m3u8
NewTV武搏世界HD,special,江西移动[CDN],http://hwrr.jx.chinamobile.com:8080/PLTV/88888888/224/3221225656/index.m3u8
NewTV炫舞未来,special,黑龙江移动[CDN],http://ottrrs.hl.chinamobile.com/PLTV/88888888/224/3221225719/index.m3u8
NewTV炫舞未来HD,special,江西移动[CDN],http://hwrr.jx.chinamobile.com:8080/PLTV/88888888/224/3221225707/index.m3u8
NewTV怡伴健康,special,黑龙江移动[CDN],http://ottrrs.hl.chinamobile.com/PLTV/88888888/224/3221225673/index.m3u8
NewTV怡伴健康HD,special,江西移动[CDN],http://hwrr.jx.chinamobile.com:8080/PLTV/88888888/224/3221225666/index.m3u8
NewTV云南,special,江西移动[CDN],http://hwrr.jx.chinamobile.com:8080/PLTV/88888888/224/3221226188/index.m3u8
NewTV中国功夫,special,黑龙江移动[CDN],http://ottrrs.hl.chinamobile.com/PLTV/88888888/224/3221225681/index.m3u8
NewTV中国功夫HD,special,江西移动[CDN],http://hwrr.jx.chinamobile.com:8080/PLTV/88888888/224/3221225660/index.m3u8
NNM家庭理财,special,陕西移动[CDN],http://dbiptv.sn.chinamobile.com/PLTV/88888890/224/3221226244/index.m3u8
SiTV都市剧场,special,陕西移动[CDN],http://dbiptv.sn.chinamobile.com/PLTV/88888890/224/3221226581/index.m3u8
SiTV欢笑剧场,special,咪咕爱看,http://live.aikan.miguvideo.com/PLTV/88888888/224/3221230739/index.m3u8
SiTV欢笑剧场4K,special,陕西移动[CDN],http://dbiptv.sn.chinamobile.com/PLTV/88888890/224/3221226582/index.m3u8
SiTV极速汽车,special,陕西移动[CDN],http://dbiptv.sn.chinamobile.com/PLTV/88888890/224/3221226574/index.m3u8
SiTV极速汽车,special,陕西移动[CDN],http://dbiptv.sn.chinamobile.com/PLTV/88888890/224/3221226583/index.m3u8
SiTV全纪实,special,陕西移动[CDN],http://dbiptv.sn.chinamobile.com/PLTV/88888890/224/3221226580/index.m3u8
SiTV游戏风云,special,陕西移动[CDN],http://dbiptv.sn.chinamobile.com/PLTV/88888890/224/3221226579/index.m3u8
VR测试片段,special,咪咕爱看,http://live.aikan.miguvideo.com/PLTV/88888888/224/3221230560/index.m3u8
Y+频道HD,special,咪咕爱看,http://live.aikan.miguvideo.com/PLTV/88888888/224/3221230226/index.m3u8
爱上4K,special,陕西移动[CDN],http://dbiptv.sn.chinamobile.com/PLTV/88888890/224/3221226352/index.m3u8
安徽池州九华山风景区拜经台,special,直播中国官方,http://gcksc.v.kcdnvip.com/gc/jhs02_1/index.m3u8
安徽池州九华山风景区九华山,special,直播中国官方,http://gcksc.v.kcdnvip.com/gc/jhs05_1/index.m3u8
安徽金寨大湾村,special,直播中国官方,http://gcksc.v.kcdnvip.com/gc/szgk01_1/index.m3u8
安徽黟县宏村南湖,special,直播中国官方,http://gcksc.v.kcdnvip.com/gc/yxhcyz_1/index.m3u8
安徽黟县西递牌坊,special,直播中国官方,http://gcksc.v.kcdnvip.com/gc/yxxdpf_1/index.m3u8
八达岭长城北十楼,special,直播中国官方,http://gcksc.v.kcdnvip.com/gc/bgwn10_1/index.m3u8
八达岭长城南七楼,special,直播中国官方,http://gcksc.v.kcdnvip.com/gc/bgws7_1/index.m3u8
八里沟风景区桃花湾瀑布,special,直播中国官方,http://gcksc.v.kcdnvip.com/gc/blg05_1/index.m3u8
八里沟风景区天界山玻璃栈道,special,直播中国官方,http://gcksc.v.kcdnvip.com/gc/blg03_1/index.m3u8
百事通体育,special,陕西移动[CDN],http://dbiptv.sn.chinamobile.com/PLTV/88888890/224/3221225850/index.m3u8
百视通超级体育,special,陕西移动[CDN],http://dbiptv.sn.chinamobile.com/PLTV/88888890/224/3221225848/index.m3u8
百视通超级体育,special,陕西移动[CDN],http://dbiptv.sn.chinamobile.com/PLTV/88888890/224/3221225849/index.m3u8
百视通超级体育,special,陕西移动[CDN],http://dbiptv.sn.chinamobile.com/PLTV/88888890/224/3221225847/index.m3u8
百视通体育,special,陕西移动[CDN],http://dbiptv.sn.chinamobile.com/PLTV/88888890/224/3221225834/index.m3u8
百视通体育,special,陕西移动[CDN],http://dbiptv.sn.chinamobile.com/PLTV/88888890/224/3221225835/index.m3u8
百视通体育,special,陕西移动[CDN],http://dbiptv.sn.chinamobile.com/PLTV/88888890/224/3221225836/index.m3u8
百视通体育,special,陕西移动[CDN],http://dbiptv.sn.chinamobile.com/PLTV/88888890/224/3221225839/index.m3u8
百视通体育,special,陕西移动[CDN],http://dbiptv.sn.chinamobile.com/PLTV/88888890/224/3221225845/index.m3u8
趵突泉,special,直播中国官方,http://gcksc.v.kcdnvip.com/gc/btq01_1/index.m3u8
纯享4K,special,江西移动[CDN],http://hwrr.jx.chinamobile.com:8080/PLTV/88888888/224/3221225786/index.m3u8
丹霞山韶音亭,special,直播中国官方,http://gcksc.v.kcdnvip.com/gc/dxssyt_1/index.m3u8
动画王国,special,江苏移动,http://183.207.249.15/PLTV/3/224/3221225555/index.m3u8
都江堰鱼嘴,special,直播中国官方,http://gcksc.v.kcdnvip.com/gc/djyqyl1_1/index.m3u8
凤凰古城东关门,special,直播中国官方,http://gcksc.v.kcdnvip.com/gc/fhgcdgm_1/index.m3u8
凤凰古城南华山,special,直播中国官方,http://gcksc.v.kcdnvip.com/gc/fhgcdnhs_1/index.m3u8
福建宁德太姥山景区,special,直播中国官方,http://gcksc.v.kcdnvip.com/gc/tms01_1/index.m3u8
福建武夷山玉女峰,special,直播中国官方,http://gcksc.v.kcdnvip.com/gc/wysynf_1/index.m3u8
福建漳州六鳌翡翠湾,special,直播中国官方,http://gcksc.v.kcdnvip.com/gc/fcw01_1/index.m3u8
福建漳州醉美沙滩翡翠湾,special,直播中国官方,http://gcksc.v.kcdnvip.com/gc/fcw03_1/index.m3u8
购物,special,陕西移动[CDN],http://dbiptv.sn.chinamobile.com/PLTV/88888890/224/3221226365/index.m3u8
广西玉林大容山莲花山顶,special,直播中国官方,http://gcksc.v.kcdnvip.com/gc/drs01_1/index.m3u8
贵州省兴义市马岭河峡谷,special,直播中国官方,http://gcksc.v.kcdnvip.com/gc/xymlh_1/index.m3u8
贵州省兴义市万峰林,special,直播中国官方,http://gcksc.v.kcdnvip.com/gc/xywfl_1/index.m3u8
贵州省贞丰市双乳峰景区,special,直播中国官方,http://gcksc.v.kcdnvip.com/gc/xysrf_1/index.m3u8
桂林象山公园,special,直播中国官方,http://gcksc.v.kcdnvip.com/gc/glxs01_1/index.m3u8
河北张北德胜村,special,直播中国官方,http://gcksc.v.kcdnvip.com/gc/pygc01_1/index.m3u8
河南郑东新区千玺广场,special,直播中国官方,http://gcksc.v.kcdnvip.com/gc/zdxq01_1/index.m3u8
黑莓电竞,special,黑龙江移动[CDN],http://ottrrs.hl.chinamobile.com/PLTV/88888888/224/3221225675/index.m3u8
黑莓电竞HD,special,江苏移动,http://183.207.249.15/PLTV/3/224/3221225539/index.m3u8
黑莓电竞HD,special,江苏移动,http://183.207.249.7/PLTV/3/224/3221225539/index.m3u8
黑莓电竞HD,special,江西移动[CDN],http://hwrr.jx.chinamobile.com:8080/PLTV/88888888/224/3221225653/index.m3u8
黑莓电竞HD,special,江西移动[CDN],http://hwrr.jx.chinamobile.com:8080/PLTV/88888888/224/3221225749/index.m3u8
黑莓电竞HD,special,江西移动[CDN],http://hwrr.jx.chinamobile.com:8080/PLTV/88888888/224/3221225750/index.m3u8
黑莓电影,special,黑龙江移动[CDN],http://ottrrs.hl.chinamobile.com/PLTV/88888888/224/3221225743/index.m3u8
黑莓电影HD,special,江西移动[CDN],http://hwrr.jx.chinamobile.com:8080/PLTV/88888888/224/3221225718/index.m3u8
黑莓电影HD,special,江西移动[CDN],http://hwrr.jx.chinamobile.com:8080/PLTV/88888888/224/3221225764/index.m3u8
黑莓电影HD,special,江西移动[CDN],http://hwrr.jx.chinamobile.com:8080/PLTV/88888888/224/3221225769/index.m3u8
黑莓动画,special,黑龙江移动[CDN],http://ottrrs.hl.chinamobile.com/PLTV/88888888/224/3221225662/index.m3u8
黑莓动画HD,special,江西移动[CDN],http://hwrr.jx.chinamobile.com:8080/PLTV/88888888/224/3221225672/index.m3u8
恒山悬空寺全景,special,直播中国官方,http://gcksc.v.kcdnvip.com/gc/hsxksqj_1/index.m3u8
恒宗,special,直播中国官方,http://gcksc.v.kcdnvip.com/gc/hsxkssqdzrqj_1/index.m3u8
湖南张家界阿凡达悬浮山,special,直播中国官方,http://gcksc.v.kcdnvip.com/gc/zjjafdxfs_1/index.m3u8
湖南张家界宝峰湖,special,直播中国官方,http://gcksc.v.kcdnvip.com/gc/zjjbfh_1/index.m3u8
湖南张家界将军列队,special,直播中国官方,http://gcksc.v.kcdnvip.com/gc/zjjjjdl_1/index.m3u8
湖南张家界迷魂台,special,直播中国官方,http://gcksc.v.kcdnvip.com/gc/zjjmht_1/index.m3u8
湖南张家界水绕四门,special,直播中国官方,http://gcksc.v.kcdnvip.com/gc/zjjsrsm_1/index.m3u8
湖南张家界天门山天空步道,special,直播中国官方,http://gcksc.v.kcdnvip.com/gc/tms02_1/index.m3u8
湖南张家界天门山天门洞,special,直播中国官方,http://gcksc.v.kcdnvip.com/gc/tmstmd01_1/index.m3u8
湖南张家界天门山西线玻璃栈道,special,直播中国官方,http://gcksc.v.kcdnvip.com/gc/tms05_1/index.m3u8
湖南张家界御笔峰,special,直播中国官方,http://gcksc.v.kcdnvip.com/gc/zjjybf_1/index.m3u8
华山,special,直播中国官方,http://gcksc.v.kcdnvip.com/gc/hkhs01_1/index.m3u8
黄果树六角亭瀑布,special,直播中国官方,http://gcksc.v.kcdnvip.com/gc/hgsspzxdpb_1/index.m3u8
黄果树银链坠潭瀑布,special,直播中国官方,http://gcksc.v.kcdnvip.com/gc/hgsylztpb_1/index.m3u8
黄花城水长城01,special,直播中国官方,http://gcksc.v.kcdnvip.com/gc/wgw01_1/index.m3u8
黄花城水长城03,special,直播中国官方,http://gcksc.v.kcdnvip.com/gc/wgw03_1/index.m3u8
黄龙,special,直播中国官方,http://gcksc.v.kcdnvip.com/gc/hlzycc_1/index.m3u8
黄山飞来石,special,直播中国官方,http://gcksc.v.kcdnvip.com/gc/hsptgy_1/index.m3u8
黄山光明顶,special,直播中国官方,http://gcksc.v.kcdnvip.com/gc/hsgmd_1/index.m3u8
黄山排云亭,special,直播中国官方,http://gcksc.v.kcdnvip.com/gc/hspyt_1/index.m3u8
黄山平天矼,special,直播中国官方,http://gcksc.v.kcdnvip.com/gc/hsptgz_1/index.m3u8
黄山卧云峰,special,直播中国官方,http://gcksc.v.kcdnvip.com/gc/hswlf_1/index.m3u8
江苏南京牛首山,special,直播中国官方,http://gcksc.v.kcdnvip.com/gc/nss01_1/index.m3u8
江苏徐州云龙湖风景区云龙山观景台南,special,直播中国官方,http://gcksc.v.kcdnvip.com/gc/ylh03_1/index.m3u8
江苏徐州云龙湖风景区云龙山观景台西,special,直播中国官方,http://gcksc.v.kcdnvip.com/gc/ylh04_1/index.m3u8
江西井冈山神山村,special,直播中国官方,http://gcksc.v.kcdnvip.com/gc/wysyxdhp_1/index.m3u8
江西龙虎山山涧栈道,special,直播中国官方,http://gcksc.v.kcdnvip.com/gc/lhssjzd_1/index.m3u8
江西龙虎山中间水泡,special,直播中国官方,http://gcksc.v.kcdnvip.com/gc/lhszjsp_1/index.m3u8
京视剧场,special,陕西移动[CDN],http://dbiptv.sn.chinamobile.com/PLTV/88888890/224/3221226242/index.m3u8
精彩体育,special,陕西移动[CDN],http://dbiptv.sn.chinamobile.com/PLTV/88888890/224/3221226010/index.m3u8
聚鲨环球精选,special,黑龙江移动[CDN],http://ottrrs.hl.chinamobile.com/PLTV/88888888/224/3221225708/index.m3u8
乐山大佛全景,special,直播中国官方,http://gcksc.v.kcdnvip.com/gc/lsdfgfl_1/index.m3u8
丽江古城大水车,special,直播中国官方,http://gcksc.v.kcdnvip.com/gc/ljgcdsc_1/index.m3u8
丽江古城大研花巷观景,special,直播中国官方,http://gcksc.v.kcdnvip.com/gc/ljgcdyhxgjt_1/index.m3u8
丽江古城万古楼遥望玉龙雪山,special,直播中国官方,http://gcksc.v.kcdnvip.com/gc/ljgcwglytylxs_1/index.m3u8
六盘山红军长征景区,special,直播中国官方,http://gcksc.v.kcdnvip.com/gc/lpsgmjng01_1/index.m3u8
栾坛春秋,special,陕西移动[CDN],http://dbiptv.sn.chinamobile.com/PLTV/88888890/224/3221226245/index.m3u8
芒果TVHD,special,咪咕爱看,http://live.aikan.miguvideo.com/PLTV/88888888/224/3221230203/index.m3u8
咪咕视频,special,黑龙江移动[CDN],http://ottrrs.hl.chinamobile.com/PLTV/88888888/224/3221226124/index.m3u8
咪咕视频,special,黑龙江移动[CDN],http://ottrrs.hl.chinamobile.com/PLTV/88888888/224/3221226147/index.m3u8
鸣沙山,special,直播中国官方,http://gcksc.v.kcdnvip.com/gc/dhyyqst_1/index.m3u8
鸣沙山山门,special,直播中国官方,http://gcksc.v.kcdnvip.com/gc/dhyyqyyq_1/index.m3u8
南京玄武湖公园,special,直播中国官方,http://gcksc.v.kcdnvip.com/gc/xwh01_1/index.m3u8
南天一柱,special,直播中国官方,http://gcksc.v.kcdnvip.com/gc/tyhjntyz_1/index.m3u8
宁夏黄河大峡谷,special,直播中国官方,http://gcksc.v.kcdnvip.com/gc/hhdxg01_1/index.m3u8
平山湖大峡谷石林,special,直播中国官方,http://gcksc.v.kcdnvip.com/gc/pshdxg02_1/index.m3u8
普陀山,special,直播中国官方,http://gcksc.v.kcdnvip.com/gc/pts01_1/index.m3u8
青岛崂山灵旗峰,special,直播中国官方,http://gcksc.v.kcdnvip.com/gc/qdls01_1/index.m3u8
青岛崂山双福,special,直播中国官方,http://gcksc.v.kcdnvip.com/gc/qdls03_1/index.m3u8
青岛崂山太清,special,直播中国官方,http://gcksc.v.kcdnvip.com/gc/qdls04_1/index.m3u8
日月石,special,直播中国官方,http://gcksc.v.kcdnvip.com/gc/tyhjrys_1/index.m3u8
三亚南山文化旅游区海上观音,special,直播中国官方,http://gcksc.v.kcdnvip.com/gc/syns01_1/index.m3u8
厦门鼓浪屿,special,直播中国官方,http://gcksc.v.kcdnvip.com/gc/gly01_1/index.m3u8
山西苛岚宋家沟新村,special,直播中国官方,http://gcksc.v.kcdnvip.com/gc/wysdhpcy_1/index.m3u8
陕西洋县国宝朱鹮01,special,直播中国官方,http://gcksc.v.kcdnvip.com/gc/zhhd01_1/index.m3u8
陕西洋县国宝朱鹮02,special,直播中国官方,http://gcksc.v.kcdnvip.com/gc/zh02_1/index.m3u8
陕西洋县国宝朱鹮03,special,直播中国官方,http://gcksc.v.kcdnvip.com/gc/zh03_1/index.m3u8
陕西洋县国宝朱鹮04,special,直播中国官方,http://gcksc.v.kcdnvip.com/gc/zh04_1/index.m3u8
深圳世界之窗文化主题公园,special,直播中国官方,http://gcksc.v.kcdnvip.com/gc/sjzc01_1/index.m3u8
神农架金丝猴01,special,直播中国官方,http://gcksc.v.kcdnvip.com/gc/jshhd01_1/index.m3u8
生态环境,special,陕西移动[CDN],http://dbiptv.sn.chinamobile.com/PLTV/88888890/224/3221226243/index.m3u8
狮子山鸟瞰丽江古城,special,直播中国官方,http://gcksc.v.kcdnvip.com/gc/ljgcszsnkgc_1/index.m3u8
十八洞村,special,直播中国官方,http://gcksc.v.kcdnvip.com/gc/sbd01_1/index.m3u8
四川峨眉山普贤菩萨铜像,special,直播中国官方,http://gcksc.v.kcdnvip.com/gc/emspxps_1/index.m3u8
四川峨眉山远眺万佛顶,special,直播中国官方,http://gcksc.v.kcdnvip.com/gc/emswfs_1/index.m3u8
四川峨眉山云海日出,special,直播中国官方,http://gcksc.v.kcdnvip.com/gc/emsarm_1/index.m3u8
四川四姑娘山隆珠措,special,直播中国官方,http://gcksc.v.kcdnvip.com/gc/sgns02_1/index.m3u8
四川四姑娘山幺妹峰,special,直播中国官方,http://gcksc.v.kcdnvip.com/gc/sgns01_1/index.m3u8
四川西昌邛海景区,special,直播中国官方,http://gcksc.v.kcdnvip.com/gc/xcqh01_1/index.m3u8
嵩山少林寺广场,special,直播中国官方,http://gcksc.v.kcdnvip.com/gc/zsslsgc_1/index.m3u8
泰山碧霞祠,special,直播中国官方,http://gcksc.v.kcdnvip.com/gc/hkts03_1/index.m3u8
泰山大观峰,special,直播中国官方,http://gcksc.v.kcdnvip.com/gc/taishan03_1/index.m3u8
泰山拱北石,special,直播中国官方,http://gcksc.v.kcdnvip.com/gc/taishan04_1/index.m3u8
泰山经石峪,special,直播中国官方,http://gcksc.v.kcdnvip.com/gc/hkts04_1/index.m3u8
泰山龙潭水库,special,直播中国官方,http://gcksc.v.kcdnvip.com/gc/hkts06_1/index.m3u8
泰山南天门,special,直播中国官方,http://gcksc.v.kcdnvip.com/gc/hkts07_1/index.m3u8
泰山太平岭,special,直播中国官方,http://gcksc.v.kcdnvip.com/gc/hkts09_1/index.m3u8
泰山天街,special,直播中国官方,http://gcksc.v.kcdnvip.com/gc/taishan07_1/index.m3u8
泰山望人松,special,直播中国官方,http://gcksc.v.kcdnvip.com/gc/taishan02_1/index.m3u8
泰山玉皇顶,special,直播中国官方,http://gcksc.v.kcdnvip.com/gc/taishan06_1/index.m3u8
泰山玉皇顶东,special,直播中国官方,http://gcksc.v.kcdnvip.com/gc/hkts10_1/index.m3u8
泰山主峰,special,直播中国官方,http://gcksc.v.kcdnvip.com/gc/taishan01_1/index.m3u8
体育赛事,special,陕西移动[CDN],http://dbiptv.sn.chinamobile.com/PLTV/88888890/224/3221226803/index.m3u8
体育赛事,special,黑龙江移动[CDN],http://ottrrs.hl.chinamobile.com/PLTV/88888888/224/3221225764/index.m3u8
天津海河,special,直播中国官方,http://gcksc.v.kcdnvip.com/gc/tjhh01_1/index.m3u8
天涯鸟瞰,special,直播中国官方,http://gcksc.v.kcdnvip.com/gc/tyhjtynl_1/index.m3u8
天涯石,special,直播中国官方,http://gcksc.v.kcdnvip.com/gc/tyhjtys_1/index.m3u8
外星人,special,咪咕爱看,http://live.aikan.miguvideo.com/PLTV/88888888/224/3221228152/index.m3u8
外星人3,special,咪咕爱看,http://live.aikan.miguvideo.com/PLTV/88888888/224/3221228143/index.m3u8
望乡台,special,直播中国官方,http://gcksc.v.kcdnvip.com/gc/hlwxt_1/index.m3u8
汶川映秀新城,special,直播中国官方,http://gcksc.v.kcdnvip.com/gc/wcyxxc01_1/index.m3u8
乌镇蓝印花布,special,直播中国官方,http://gcksc.v.kcdnvip.com/gc/zjwzlyhb_1/index.m3u8
乌镇龙形田,special,直播中国官方,http://gcksc.v.kcdnvip.com/gc/zjwzlxt_1/index.m3u8
乌镇全景,special,直播中国官方,http://gcksc.v.kcdnvip.com/gc/zjwzblt_1/index.m3u8
乌镇西市河,special,直播中国官方,http://gcksc.v.kcdnvip.com/gc/zjwzbblh_1/index.m3u8
洗身洞,special,直播中国官方,http://gcksc.v.kcdnvip.com/gc/hlxsd_1/index.m3u8
仙都风景区,special,直播中国官方,http://gcksc.v.kcdnvip.com/gc/xdfjq01_1/index.m3u8
新疆天山(灯杆山),special,直播中国官方,http://gcksc.v.kcdnvip.com/gc/xjtcdgs_1/index.m3u8
新疆天山(定海神针),special,直播中国官方,http://gcksc.v.kcdnvip.com/gc/xjtcdhsz_1/index.m3u8
新疆天山(海西平台),special,直播中国官方,http://gcksc.v.kcdnvip.com/gc/xjtchxpt_1/index.m3u8
新疆天山(马牙山),special,直播中国官方,http://gcksc.v.kcdnvip.com/gc/xjtcmys_1/index.m3u8
信号测试1HD,special,陕西移动[CDN],http://dbiptv.sn.chinamobile.com/PLTV/88888890/224/3221226337/index.m3u8
信号测试2HD,special,陕西移动[CDN],http://dbiptv.sn.chinamobile.com/PLTV/88888890/224/3221226338/index.m3u8
雪乡大石碑,special,直播中国官方,http://gcksc.v.kcdnvip.com/gc/mdjxxdsb_1/index.m3u8
雪乡梦幻家园观景台,special,直播中国官方,http://gcksc.v.kcdnvip.com/gc/mdjxxmhjygjt_1/index.m3u8
圆点生活,special,陕西移动[CDN],http://dbiptv.sn.chinamobile.com/PLTV/88888890/224/3221226552/index.m3u8
云南白沙远眺玉龙雪山,special,直播中国官方,http://gcksc.v.kcdnvip.com/gc/hkylxs03_1/index.m3u8
云南大理崇圣寺三塔湖面,special,直播中国官方,http://gcksc.v.kcdnvip.com/gc/dlst02_1/index.m3u8
云南红河哈尼梯田多依树景点,special,直播中国官方,http://gcksc.v.kcdnvip.com/gc/hnttdysjd_1/index.m3u8
云南红河哈尼梯田老虎嘴,special,直播中国官方,http://gcksc.v.kcdnvip.com/gc/hnttlhzjd_1/index.m3u8
云南红河哈尼梯田普高老寨,special,直播中国官方,http://gcksc.v.kcdnvip.com/gc/hnttpgsz_1/index.m3u8
云南丽江白水台,special,直播中国官方,http://gcksc.v.kcdnvip.com/gc/hkylxs07_1/index.m3u8
云南丽江冰川,special,直播中国官方,http://gcksc.v.kcdnvip.com/gc/hkylxs05_1/index.m3u8
云南丽江蓝月谷,special,直播中国官方,http://gcksc.v.kcdnvip.com/gc/ylxs12_1/index.m3u8
云南丽江蓝月谷中游湖面,special,直播中国官方,http://gcksc.v.kcdnvip.com/gc/hkylxs08_1/index.m3u8
云南丽江一滴水过丽江,special,直播中国官方,http://gcksc.v.kcdnvip.com/gc/hkylxs04_1/index.m3u8
云南丽江印象实景,special,直播中国官方,http://gcksc.v.kcdnvip.com/gc/hkylxs01_1/index.m3u8
云南丽江玉龙雪山,special,直播中国官方,http://gcksc.v.kcdnvip.com/gc/ylxs11_1/index.m3u8
云南丽江玉龙雪山草甸,special,直播中国官方,http://gcksc.v.kcdnvip.com/gc/hkylxs06_1/index.m3u8
云南丽江玉液湖,special,直播中国官方,http://gcksc.v.kcdnvip.com/gc/hkylxs02_1/index.m3u8
云台山百家岩,special,直播中国官方,http://gcksc.v.kcdnvip.com/gc/ytsbjy_1/index.m3u8
云台山红石峡,special,直播中国官方,http://gcksc.v.kcdnvip.com/gc/ytshsx_1/index.m3u8
云台山小寨沟,special,直播中国官方,http://gcksc.v.kcdnvip.com/gc/ytsxzg_1/index.m3u8
云台山茱萸峰,special,直播中国官方,http://gcksc.v.kcdnvip.com/gc/ytszyf_1/index.m3u8
张掖七彩丹霞,special,直播中国官方,http://gcksc.v.kcdnvip.com/gc/zyqcdx01_1/index.m3u8
浙江杭州千岛湖,special,直播中国官方,http://gcksc.v.kcdnvip.com/gc/caqdh_1/index.m3u8
浙江杭州云栖小镇,special,直播中国官方,http://gcksc.v.kcdnvip.com/gc/wygjt2_1/index.m3u8
浙江舟山东极岛,special,直播中国官方,http://gcksc.v.kcdnvip.com/gc/djd01_1/index.m3u8
直播中国精编直播,special,直播中国官方,http://gcksc.v.kcdnvip.com/gc/wgw05_1/index.m3u8
置业频道,special,陕西移动[CDN],http://dbiptv.sn.chinamobile.com/PLTV/88888890/224/3221226241/index.m3u8
中视购物,special,黑龙江移动[CDN],http://ottrrs.hl.chinamobile.com/PLTV/88888888/224/3221226091/index.m3u8
中央电视塔北,special,直播中国官方,http://gcksc.v.kcdnvip.com/gc/ztb_1/index.m3u8
中央电视塔东,special,直播中国官方,http://gcksc.v.kcdnvip.com/gc/ztd_1/index.m3u8
中央电视塔南,special,直播中国官方,http://gcksc.v.kcdnvip.com/gc/ztn_1/index.m3u8
重庆石柱华溪村,special,直播中国官方,http://gcksc.v.kcdnvip.com/gc/jsh02_1/index.m3u8
足球,special,陕西移动[CDN],http://dbiptv.sn.chinamobile.com/PLTV/88888890/224/3221226347/index.m3u8
安徽卫视,weishi,江苏移动,http://183.207.249.15/PLTV/3/224/3221225634/index.m3u8
安徽卫视,weishi,江苏移动,http://183.207.249.9/PLTV/3/224/3221225634/index.m3u8
安徽卫视,weishi,江西移动[CDN],http://hwrr.jx.chinamobile.com:8080/PLTV/88888888/224/3221225541/index.m3u8?fmt=ts2hls
安徽卫视,weishi,咪咕爱看,http://live.aikan.miguvideo.com/PLTV/88888888/224/3221230215/index.m3u8
安徽卫视,weishi,陕西移动[CDN],http://dbiptv.sn.chinamobile.com/PLTV/88888890/224/3221225773/index.m3u8
安徽卫视,weishi,陕西移动[CDN],http://dbiptv.sn.chinamobile.com/PLTV/88888890/224/3221226196/index.m3u8
安徽卫视,weishi,陕西移动[CDN],http://dbiptv.sn.chinamobile.com/PLTV/88888890/224/3221226203/index.m3u8
安徽卫视HD,weishi,江西移动[CDN],http://hwrr.jx.chinamobile.com:8080/PLTV/88888888/224/3221225737/index.m3u8
安徽卫视HD,weishi,江西移动[CDN],http://hwrr.jx.chinamobile.com:8080/PLTV/88888888/224/3221225691/index.m3u8
北京卫视,weishi,江苏移动,http://183.207.249.7/PLTV/3/224/3221225574/index.m3u8
北京卫视,weishi,江西移动[CDN],http://hwrr.jx.chinamobile.com:8080/PLTV/88888888/224/3221225543/index.m3u8?fmt=ts2hls
北京卫视,weishi,陕西移动[CDN],http://dbiptv.sn.chinamobile.com/PLTV/88888890/224/3221225790/index.m3u8
北京卫视,weishi,陕西移动[CDN],http://dbiptv.sn.chinamobile.com/PLTV/88888890/224/3221225796/index.m3u8
北京卫视,weishi,陕西移动[CDN],http://dbiptv.sn.chinamobile.com/PLTV/88888890/224/3221226222/index.m3u8
北京卫视,weishi,黑龙江移动[CDN],http://ottrrs.hl.chinamobile.com/PLTV/88888888/224/3221225728/index.m3u8
北京卫视HD,weishi,江西移动[CDN],http://hwrr.jx.chinamobile.com:8080/PLTV/88888888/224/3221225673/index.m3u8
北京卫视HD,weishi,江西移动[CDN],http://hwrr.jx.chinamobile.com:8080/PLTV/88888888/224/3221225600/index.m3u8?fmt=ts2hls
北京卫视HD,weishi,江西移动[CDN],http://hwrr.jx.chinamobile.com:8080/PLTV/88888888/224/3221225674/index.m3u8
兵团卫视,weishi,江西移动[CDN],http://hwrr.jx.chinamobile.com:8080/PLTV/88888888/224/3221225530/index.m3u8?fmt=ts2hls
兵团卫视,weishi,江西移动[CDN],http://hwrr.jx.chinamobile.com:8080/PLTV/88888888/224/3221226200/index.m3u8
兵团卫视,weishi,陕西移动[CDN],http://dbiptv.sn.chinamobile.com/PLTV/88888890/224/3221226214/index.m3u8
东方卫视,weishi,江西移动[CDN],http://hwrr.jx.chinamobile.com:8080/PLTV/88888888/224/3221225561/index.m3u8?fmt=ts2hls
东方卫视,weishi,陕西移动[CDN],http://dbiptv.sn.chinamobile.com/PLTV/88888890/224/3221225789/index.m3u8
东方卫视,weishi,陕西移动[CDN],http://dbiptv.sn.chinamobile.com/PLTV/88888890/224/3221225599/index.m3u8
东方卫视,weishi,陕西移动[CDN],http://dbiptv.sn.chinamobile.com/PLTV/88888890/224/3221226261/index.m3u8
东方卫视,weishi,陕西移动[CDN],http://dbiptv.sn.chinamobile.com/PLTV/88888890/224/3221226217/index.m3u8
东方卫视,weishi,陕西移动[CDN],http://dbiptv.sn.chinamobile.com/PLTV/88888890/224/3221225797/index.m3u8
东方卫视,weishi,黑龙江移动[CDN],http://ottrrs.hl.chinamobile.com/PLTV/88888888/224/3221225735/index.m3u8
东方卫视,weishi,黑龙江移动[CDN],http://ottrrs.hl.chinamobile.com/PLTV/88888888/224/3221226082/index.m3u8
东方卫视,weishi,黑龙江移动[CDN],http://ottrrs.hl.chinamobile.com/PLTV/88888888/224/3221226031/index.m3u8
东方卫视HD,weishi,江西移动[CDN],http://hwrr.jx.chinamobile.com:8080/PLTV/88888888/224/3221225658/index.m3u8
东方卫视HD,weishi,江西移动[CDN],http://hwrr.jx.chinamobile.com:8080/PLTV/88888888/224/3221225489/index.m3u8?fmt=ts2hls
东方卫视HD,weishi,江西移动[CDN],http://hwrr.jx.chinamobile.com:8080/PLTV/88888888/224/3221225659/index.m3u8
东南卫视,weishi,江西移动[CDN],http://hwrr.jx.chinamobile.com:8080/PLTV/88888888/224/3221225552/index.m3u8?fmt=ts2hls
东南卫视,weishi,陕西移动[CDN],http://dbiptv.sn.chinamobile.com/PLTV/88888890/224/3221225766/index.m3u8
东南卫视,weishi,黑龙江移动[CDN],http://ottrrs.hl.chinamobile.com/PLTV/88888888/224/3221226079/index.m3u8
东南卫视,weishi,黑龙江移动[CDN],http://ottrrs.hl.chinamobile.com/PLTV/88888888/224/3221225620/index.m3u8
东南卫视HD,weishi,江西移动[CDN],http://hwrr.jx.chinamobile.com:8080/PLTV/88888888/224/3221225657/index.m3u8
东南卫视HD,weishi,江西移动[CDN],http://hwrr.jx.chinamobile.com:8080/PLTV/88888888/224/3221225585/index.m3u8?fmt=ts2hls
凤凰卫视中文台,weishi,陕西移动[CDN],http://dbiptv.sn.chinamobile.com/PLTV/88888890/224/3221226547/index.m3u8
凤凰卫视资讯台,weishi,江苏移动,http://183.207.249.35/PLTV/3/224/3221226923/index.m3u8
凤凰卫视资讯台,weishi,陕西移动[CDN],http://dbiptv.sn.chinamobile.com/PLTV/88888890/224/3221226546/index.m3u8
甘肃卫视,weishi,江西移动[CDN],http://hwrr.jx.chinamobile.com:8080/PLTV/88888888/224/3221225724/index.m3u8
甘肃卫视,weishi,江西移动[CDN],http://hwrr.jx.chinamobile.com:8080/PLTV/88888888/224/3221225536/index.m3u8?fmt=ts2hls
甘肃卫视,weishi,陕西移动[CDN],http://dbiptv.sn.chinamobile.com/PLTV/88888890/224/3221225754/index.m3u8
甘肃卫视,weishi,黑龙江移动[CDN],http://ottrrs.hl.chinamobile.com/PLTV/88888888/224/3221225633/index.m3u8
广东卫视,weishi,江西移动[CDN],http://hwrr.jx.chinamobile.com:8080/PLTV/88888888/224/3221225558/index.m3u8?fmt=ts2hls
广东卫视,weishi,陕西移动[CDN],http://dbiptv.sn.chinamobile.com/PLTV/88888890/224/3221225757/index.m3u8
广东卫视,weishi,陕西移动[CDN],http://dbiptv.sn.chinamobile.com/PLTV/88888890/224/3221225803/index.m3u8
广东卫视,weishi,陕西移动[CDN],http://dbiptv.sn.chinamobile.com/PLTV/88888890/224/3221226216/index.m3u8
广东卫视,weishi,黑龙江移动[CDN],http://ottrrs.hl.chinamobile.com/PLTV/88888888/224/3221226054/index.m3u8
广东卫视HD,weishi,江西移动[CDN],http://hwrr.jx.chinamobile.com:8080/PLTV/88888888/224/3221225742/index.m3u8
广东卫视HD,weishi,江西移动[CDN],http://hwrr.jx.chinamobile.com:8080/PLTV/88888888/224/3221225597/index.m3u8?fmt=ts2hls
广东卫视HD,weishi,江西移动[CDN],http://hwrr.jx.chinamobile.com:8080/PLTV/88888888/224/3221225701/index.m3u8
广西卫视,weishi,江西移动[CDN],http://hwrr.jx.chinamobile.com:8080/PLTV/88888888/224/3221225551/index.m3u8?fmt=ts2hls
广西卫视,weishi,江西移动[CDN],http://hwrr.jx.chinamobile.com:8080/PLTV/88888888/224/3221225731/index.m3u8
广西卫视,weishi,陕西移动[CDN],http://dbiptv.sn.chinamobile.com/PLTV/88888890/224/3221225770/index.m3u8
广西卫视HD,weishi,江西移动[CDN],http://hwrr.jx.chinamobile.com:8080/PLTV/88888888/224/3221226211/index.m3u8?fmt=ts2hls
贵州卫视,weishi,江西移动[CDN],http://hwrr.jx.chinamobile.com:8080/PLTV/88888888/224/3221225728/index.m3u8
贵州卫视,weishi,江西移动[CDN],http://hwrr.jx.chinamobile.com:8080/PLTV/88888888/224/3221225537/index.m3u8?fmt=ts2hls
贵州卫视,weishi,陕西移动[CDN],http://dbiptv.sn.chinamobile.com/PLTV/88888890/224/3221225793/index.m3u8
贵州卫视,weishi,黑龙江移动[CDN],http://ottrrs.hl.chinamobile.com/PLTV/88888888/224/3221226105/index.m3u8
贵州卫视,weishi,黑龙江移动[CDN],http://ottrrs.hl.chinamobile.com/PLTV/88888888/224/3221225626/index.m3u8
贵州卫视,weishi,黑龙江移动[CDN],http://ottrrs.hl.chinamobile.com/PLTV/88888888/224/3221226051/index.m3u8
贵州卫视HD,weishi,江西移动[CDN],http://hwrr.jx.chinamobile.com:8080/PLTV/88888888/224/3221225483/index.m3u8?fmt=ts2hls
海南卫视,weishi,江西移动[CDN],http://hwrr.jx.chinamobile.com:8080/PLTV/88888888/224/3221225722/index.m3u8
海南卫视,weishi,江西移动[CDN],http://hwrr.jx.chinamobile.com:8080/PLTV/88888888/224/3221225548/index.m3u8?fmt=ts2hls
海南卫视,weishi,陕西移动[CDN],http://dbiptv.sn.chinamobile.com/PLTV/88888890/224/3221225769/index.m3u8
海南卫视,weishi,黑龙江移动[CDN],http://ottrrs.hl.chinamobile.com/PLTV/88888888/224/3221225639/index.m3u8
海南卫视HD,weishi,江西移动[CDN],http://hwrr.jx.chinamobile.com:8080/PLTV/88888888/224/3221226212/index.m3u8?fmt=ts2hls
河北卫视,weishi,江西移动[CDN],http://hwrr.jx.chinamobile.com:8080/PLTV/88888888/224/3221225732/index.m3u8
河北卫视,weishi,江西移动[CDN],http://hwrr.jx.chinamobile.com:8080/PLTV/88888888/224/3221225544/index.m3u8?fmt=ts2hls
河北卫视,weishi,陕西移动[CDN],http://dbiptv.sn.chinamobile.com/PLTV/88888890/224/3221225750/index.m3u8
河北卫视,weishi,黑龙江移动[CDN],http://ottrrs.hl.chinamobile.com/PLTV/88888888/224/3221225623/index.m3u8
河北卫视HD,weishi,江西移动[CDN],http://hwrr.jx.chinamobile.com:8080/PLTV/88888888/224/3221225610/index.m3u8?fmt=ts2hls
河南卫视,weishi,江西移动[CDN],http://hwrr.jx.chinamobile.com:8080/PLTV/88888888/224/3221226196/index.m3u8
河南卫视,weishi,江西移动[CDN],http://hwrr.jx.chinamobile.com:8080/PLTV/88888888/224/3221225545/index.m3u8?fmt=ts2hls
河南卫视,weishi,陕西移动[CDN],http://dbiptv.sn.chinamobile.com/PLTV/88888890/224/3221225767/index.m3u8
河南卫视,weishi,黑龙江移动[CDN],http://ottrrs.hl.chinamobile.com/PLTV/88888888/224/3221226108/index.m3u8
河南卫视,weishi,黑龙江移动[CDN],http://ottrrs.hl.chinamobile.com/PLTV/88888888/224/3221226063/index.m3u8
河南卫视HD,weishi,江西移动[CDN],http://hwrr.jx.chinamobile.com:8080/PLTV/88888888/224/3221225611/index.m3u8?fmt=ts2hls
黑龙江卫视,weishi,江西移动[CDN],http://hwrr.jx.chinamobile.com:8080/PLTV/88888888/224/3221225542/index.m3u8?fmt=ts2hls
黑龙江卫视,weishi,陕西移动[CDN],http://dbiptv.sn.chinamobile.com/PLTV/88888890/224/3221225802/index.m3u8
黑龙江卫视,weishi,陕西移动[CDN],http://dbiptv.sn.chinamobile.com/PLTV/88888890/224/3221226215/index.m3u8
黑龙江卫视HD,weishi,江西移动[CDN],http://hwrr.jx.chinamobile.com:8080/PLTV/88888888/224/3221225736/index.m3u8
黑龙江卫视HD,weishi,江西移动[CDN],http://hwrr.jx.chinamobile.com:8080/PLTV/88888888/224/3221225586/index.m3u8?fmt=ts2hls
黑龙江卫视HD,weishi,江西移动[CDN],http://hwrr.jx.chinamobile.com:8080/PLTV/88888888/224/3221225690/index.m3u8
湖北卫视,weishi,江西移动[CDN],http://hwrr.jx.chinamobile.com:8080/PLTV/88888888/224/3221225550/index.m3u8?fmt=ts2hls
湖北卫视,weishi,陕西移动[CDN],http://dbiptv.sn.chinamobile.com/PLTV/88888890/224/3221225760/index.m3u8
湖北卫视,weishi,陕西移动[CDN],http://dbiptv.sn.chinamobile.com/PLTV/88888890/224/3221226194/index.m3u8
湖北卫视,weishi,陕西移动[CDN],http://dbiptv.sn.chinamobile.com/PLTV/88888890/224/3221226206/index.m3u8
湖北卫视,weishi,黑龙江移动[CDN],http://ottrrs.hl.chinamobile.com/PLTV/88888888/224/3221225627/index.m3u8
湖北卫视,weishi,黑龙江移动[CDN],http://ottrrs.hl.chinamobile.com/PLTV/88888888/224/3221226088/index.m3u8
湖北卫视HD,weishi,江西移动,http://117.169.120.140:8080/live/hdhubeistv/.m3u8
湖北卫视HD,weishi,江西移动[CDN],http://hwrr.jx.chinamobile.com:8080/PLTV/88888888/224/3221225740/index.m3u8
湖北卫视HD,weishi,江西移动[CDN],http://hwrr.jx.chinamobile.com:8080/PLTV/88888888/224/3221225596/index.m3u8?fmt=ts2hls
湖北卫视HD,weishi,江西移动[CDN],http://hwrr.jx.chinamobile.com:8080/PLTV/88888888/224/3221225699/index.m3u8
湖南卫视,weishi,江西移动[CDN],http://hwrr.jx.chinamobile.com:8080/PLTV/88888888/224/3221225555/index.m3u8?fmt=ts2hls
湖南卫视,weishi,咪咕爱看,http://live.aikan.miguvideo.com/PLTV/88888888/224/3221230206/index.m3u8
湖南卫视,weishi,咪咕爱看,http://live.aikan.miguvideo.com/PLTV/88888888/224/3221228852/index.m3u8
湖南卫视,weishi,咪咕爱看,http://live.aikan.miguvideo.com/PLTV/88888888/224/3221230232/index.m3u8
湖南卫视,weishi,陕西移动[CDN],http://dbiptv.sn.chinamobile.com/PLTV/88888890/224/3221225787/index.m3u8
湖南卫视,weishi,陕西移动[CDN],http://dbiptv.sn.chinamobile.com/PLTV/88888890/224/3221225799/index.m3u8
湖南卫视,weishi,陕西移动[CDN],http://dbiptv.sn.chinamobile.com/PLTV/88888890/224/3221226211/index.m3u8
湖南卫视,weishi,黑龙江移动[CDN],http://ottrrs.hl.chinamobile.com/PLTV/88888888/224/3221225610/index.m3u8
湖南卫视HD,weishi,江西移动[CDN],http://hwrr.jx.chinamobile.com:8080/PLTV/88888888/224/3221225745/index.m3u8
湖南卫视HD,weishi,江西移动[CDN],http://hwrr.jx.chinamobile.com:8080/PLTV/88888888/224/3221225490/index.m3u8?fmt=ts2hls
湖南卫视HD,weishi,江西移动[CDN],http://hwrr.jx.chinamobile.com:8080/PLTV/88888888/224/3221225704/index.m3u8
吉林卫视,weishi,JLNTV官方,http://stream1.jlntv.cn/jlws/sd/live.m3u8
吉林卫视,weishi,江西移动[CDN],http://hwrr.jx.chinamobile.com:8080/PLTV/88888888/224/3221225680/index.m3u8
吉林卫视,weishi,江西移动[CDN],http://hwrr.jx.chinamobile.com:8080/PLTV/88888888/224/3221225553/index.m3u8?fmt=ts2hls
吉林卫视,weishi,陕西移动[CDN],http://dbiptv.sn.chinamobile.com/PLTV/88888890/224/3221225792/index.m3u8
吉林卫视,weishi,黑龙江移动[CDN],http://ottrrs.hl.chinamobile.com/PLTV/88888888/224/3221226035/index.m3u8
吉林卫视HD,weishi,JLNTV官方,http://stream4.jlntv.cn/test2/sd/live.m3u8
吉林卫视HD,weishi,江西移动,http://117.169.120.140:8080/live/jilinstv/.m3u8
吉林延边卫视,weishi,江西移动[CDN],http://hwrr.jx.chinamobile.com:8080/PLTV/88888888/224/3221226201/index.m3u8
吉林延边卫视,weishi,陕西移动[CDN],http://dbiptv.sn.chinamobile.com/PLTV/88888890/224/3221226220/index.m3u8
江苏卫视,weishi,江西移动[CDN],http://hwrr.jx.chinamobile.com:8080/PLTV/88888888/224/3221225582/index.m3u8?fmt=ts2hls
江苏卫视,weishi,陕西移动[CDN],http://dbiptv.sn.chinamobile.com/PLTV/88888890/224/3221225746/index.m3u8
江苏卫视,weishi,陕西移动[CDN],http://dbiptv.sn.chinamobile.com/PLTV/88888890/224/3221225800/index.m3u8
江苏卫视,weishi,陕西移动[CDN],http://dbiptv.sn.chinamobile.com/PLTV/88888890/224/3221226200/index.m3u8
江苏卫视,weishi,黑龙江移动[CDN],http://ottrrs.hl.chinamobile.com/PLTV/88888888/224/3221225613/index.m3u8
江苏卫视,weishi,黑龙江移动[CDN],http://ottrrs.hl.chinamobile.com/PLTV/88888888/224/3221226099/index.m3u8
江苏卫视,weishi,黑龙江移动[CDN],http://ottrrs.hl.chinamobile.com/PLTV/88888888/224/3221226017/index.m3u8
江苏卫视HD,weishi,江西移动,http://117.169.120.140:8080/live/hdjiangsustv/.m3u8
江苏卫视HD,weishi,江西移动[CDN],http://hwrr.jx.chinamobile.com:8080/PLTV/88888888/224/3221225743/index.m3u8
江苏卫视HD,weishi,江西移动[CDN],http://hwrr.jx.chinamobile.com:8080/PLTV/88888888/224/3221225488/index.m3u8?fmt=ts2hls
江苏卫视HD,weishi,江西移动[CDN],http://hwrr.jx.chinamobile.com:8080/PLTV/88888888/224/3221225702/index.m3u8
江西卫视,weishi,江西移动[CDN],http://hwrr.jx.chinamobile.com:8080/PLTV/88888888/224/3221225583/index.m3u8?fmt=ts2hls
江西卫视,weishi,陕西移动[CDN],http://dbiptv.sn.chinamobile.com/PLTV/88888890/224/3221225764/index.m3u8
江西卫视HD,weishi,江西移动,http://117.169.120.140:8080/live/jiangxistv/.m3u8
江西卫视HD,weishi,江西移动[CDN],http://hwrr.jx.chinamobile.com:8080/PLTV/88888888/224/3221225705/index.m3u8
江西卫视HD,weishi,江西移动[CDN],http://hwrr.jx.chinamobile.com:8080/PLTV/88888888/224/3221225746/index.m3u8
江西卫视HD,weishi,江西移动[CDN],http://hwrr.jx.chinamobile.com:8080/PLTV/88888888/224/3221225492/index.m3u8?fmt=ts2hls
辽宁卫视,weishi,江苏移动,http://183.207.249.9/PLTV/3/224/3221225566/index.m3u8
辽宁卫视,weishi,江西移动[CDN],http://hwrr.jx.chinamobile.com:8080/PLTV/88888888/224/3221225547/index.m3u8?fmt=ts2hls
辽宁卫视,weishi,陕西移动[CDN],http://dbiptv.sn.chinamobile.com/PLTV/88888890/224/3221225772/index.m3u8
辽宁卫视,weishi,陕西移动[CDN],http://dbiptv.sn.chinamobile.com/PLTV/88888890/224/3221226201/index.m3u8
辽宁卫视,weishi,陕西移动[CDN],http://dbiptv.sn.chinamobile.com/PLTV/88888890/224/3221226210/index.m3u8
辽宁卫视,weishi,黑龙江移动[CDN],http://ottrrs.hl.chinamobile.com/PLTV/88888888/224/3221225619/index.m3u8
辽宁卫视HD,weishi,江西移动[CDN],http://hwrr.jx.chinamobile.com:8080/PLTV/88888888/224/3221225735/index.m3u8
辽宁卫视HD,weishi,江西移动[CDN],http://hwrr.jx.chinamobile.com:8080/PLTV/88888888/224/3221225601/index.m3u8?fmt=ts2hls
辽宁卫视HD,weishi,江西移动[CDN],http://hwrr.jx.chinamobile.com:8080/PLTV/88888888/224/3221225696/index.m3u8
旅游卫视,weishi,江苏移动,http://183.207.248.11/PLTV/4/224/3221225810/index.m3u8
南方卫视(上星),weishi,江西移动[CDN],http://hwrr.jx.chinamobile.com:8080/PLTV/88888888/224/3221226203/index.m3u8
南方卫视(上星),weishi,黑龙江移动[CDN],http://ottrrs.hl.chinamobile.com/PLTV/88888888/224/3221226038/index.m3u8
南方卫视(上星),weishi,陕西移动[CDN],http://dbiptv.sn.chinamobile.com/PLTV/88888890/224/3221226218/index.m3u8
内蒙古卫视,weishi,江西移动[CDN],http://hwrr.jx.chinamobile.com:8080/PLTV/88888888/224/3221225667/index.m3u8
内蒙古卫视,weishi,陕西移动[CDN],http://dbiptv.sn.chinamobile.com/PLTV/88888890/224/3221225786/index.m3u8
内蒙古卫视,weishi,黑龙江移动[CDN],http://ottrrs.hl.chinamobile.com/PLTV/88888888/224/3221225634/index.m3u8
宁夏卫视,weishi,江苏移动,http://183.207.248.11/PLTV/4/224/3221225842/index.m3u8
宁夏卫视,weishi,江西移动,http://117.169.120.140:8080/live/ningxiastv/.m3u8
宁夏卫视,weishi,江西移动[CDN],http://hwrr.jx.chinamobile.com:8080/PLTV/88888888/224/3221225726/index.m3u8
宁夏卫视,weishi,江西移动[CDN],http://hwrr.jx.chinamobile.com:8080/PLTV/88888888/224/3221225535/index.m3u8?fmt=ts2hls
宁夏卫视,weishi,陕西移动[CDN],http://dbiptv.sn.chinamobile.com/PLTV/88888890/224/3221225748/index.m3u8
宁夏卫视,weishi,黑龙江移动[CDN],http://ottrrs.hl.chinamobile.com/PLTV/88888888/224/3221225632/index.m3u8
青海安多卫视,weishi,江西移动[CDN],http://hwrr.jx.chinamobile.com:8080/PLTV/88888888/224/3221226195/index.m3u8
青海安多卫视,weishi,陕西移动[CDN],http://dbiptv.sn.chinamobile.com/PLTV/88888890/224/3221226228/index.m3u8
青海安多卫视,weishi,黑龙江移动[CDN],http://ottrrs.hl.chinamobile.com/PLTV/88888888/224/3221225659/index.m3u8
青海卫视,weishi,江西移动[CDN],http://hwrr.jx.chinamobile.com:8080/PLTV/88888888/224/3221225727/index.m3u8
青海卫视,weishi,江西移动[CDN],http://hwrr.jx.chinamobile.com:8080/PLTV/88888888/224/3221225546/index.m3u8?fmt=ts2hls
青海卫视,weishi,陕西移动[CDN],http://dbiptv.sn.chinamobile.com/PLTV/88888890/224/3221225794/index.m3u8
青海卫视,weishi,黑龙江移动[CDN],http://ottrrs.hl.chinamobile.com/PLTV/88888888/224/3221225628/index.m3u8
青海卫视,weishi,黑龙江移动[CDN],http://ottrrs.hl.chinamobile.com/PLTV/88888888/224/3221226032/index.m3u8
厦门卫视,weishi,江西移动[CDN],http://hwrr.jx.chinamobile.com:8080/PLTV/88888888/224/3221226199/index.m3u8
厦门卫视,weishi,咪咕爱看,http://live.aikan.miguvideo.com/PLTV/88888888/224/3221229184/index.m3u8
厦门卫视,weishi,陕西移动[CDN],http://dbiptv.sn.chinamobile.com/PLTV/88888890/224/3221226219/index.m3u8
山东教育卫视,weishi,江西移动[CDN],http://hwrr.jx.chinamobile.com:8080/PLTV/88888888/224/3221225719/index.m3u8
山东卫视,weishi,江西移动[CDN],http://hwrr.jx.chinamobile.com:8080/PLTV/88888888/224/3221225539/index.m3u8?fmt=ts2hls
山东卫视,weishi,咪咕爱看,http://live.aikan.miguvideo.com/PLTV/88888888/224/3221227909/index.m3u8
山东卫视,weishi,陕西移动[CDN],http://dbiptv.sn.chinamobile.com/PLTV/88888890/224/3221225771/index.m3u8
山东卫视,weishi,陕西移动[CDN],http://dbiptv.sn.chinamobile.com/PLTV/88888890/224/3221226209/index.m3u8
山东卫视HD,weishi,江西移动,http://117.169.120.140:8080/live/hdshandongstv/.m3u8
山东卫视HD,weishi,江西移动[CDN],http://hwrr.jx.chinamobile.com:8080/PLTV/88888888/224/3221225738/index.m3u8
山东卫视HD,weishi,江西移动[CDN],http://hwrr.jx.chinamobile.com:8080/PLTV/88888888/224/3221225484/index.m3u8?fmt=ts2hls
山东卫视HD,weishi,江西移动[CDN],http://hwrr.jx.chinamobile.com:8080/PLTV/88888888/224/3221225697/index.m3u8
山西卫视,weishi,江西移动[CDN],http://hwrr.jx.chinamobile.com:8080/PLTV/88888888/224/3221225730/index.m3u8
山西卫视,weishi,江西移动[CDN],http://hwrr.jx.chinamobile.com:8080/PLTV/88888888/224/3221225549/index.m3u8?fmt=ts2hls
山西卫视,weishi,陕西移动[CDN],http://dbiptv.sn.chinamobile.com/PLTV/88888890/224/3221225763/index.m3u8
山西卫视,weishi,黑龙江移动[CDN],http://ottrrs.hl.chinamobile.com/PLTV/88888888/224/3221225624/index.m3u8
陕西农林卫视,weishi,江西移动[CDN],http://hwrr.jx.chinamobile.com:8080/PLTV/88888888/224/3221226204/index.m3u8
陕西农林卫视,weishi,陕西移动[CDN],http://dbiptv.sn.chinamobile.com/PLTV/88888890/224/3221226229/index.m3u8
陕西卫视,weishi,江西移动[CDN],http://hwrr.jx.chinamobile.com:8080/PLTV/88888888/224/3221225729/index.m3u8
陕西卫视,weishi,江西移动[CDN],http://hwrr.jx.chinamobile.com:8080/PLTV/88888888/224/3221225531/index.m3u8?fmt=ts2hls
陕西卫视,weishi,陕西移动[CDN],http://dbiptv.sn.chinamobile.com/PLTV/88888890/224/3221225821/index.m3u8
陕西卫视,weishi,陕西移动[CDN],http://dbiptv.sn.chinamobile.com/PLTV/88888890/224/3221226322/index.m3u8
陕西卫视,weishi,陕西移动[CDN],http://dbiptv.sn.chinamobile.com/PLTV/88888890/224/3221226326/index.m3u8
陕西卫视,weishi,陕西移动[CDN],http://dbiptv.sn.chinamobile.com/PLTV/88888890/224/3221226331/index.m3u8
陕西卫视,weishi,陕西移动[CDN],http://dbiptv.sn.chinamobile.com/PLTV/88888890/224/3221226457/index.m3u8
陕西卫视,weishi,黑龙江移动[CDN],http://ottrrs.hl.chinamobile.com/PLTV/88888888/224/3221225625/index.m3u8
深圳卫视,weishi,江西移动[CDN],http://hwrr.jx.chinamobile.com:8080/PLTV/88888888/224/3221225559/index.m3u8?fmt=ts2hls
深圳卫视,weishi,陕西移动[CDN],http://dbiptv.sn.chinamobile.com/PLTV/88888890/224/3221225752/index.m3u8
深圳卫视,weishi,陕西移动[CDN],http://dbiptv.sn.chinamobile.com/PLTV/88888890/224/3221225801/index.m3u8
深圳卫视,weishi,陕西移动[CDN],http://dbiptv.sn.chinamobile.com/PLTV/88888890/224/3221226205/index.m3u8
深圳卫视,weishi,黑龙江移动[CDN],http://ottrrs.hl.chinamobile.com/PLTV/88888888/224/3221225739/index.m3u8
深圳卫视HD,weishi,江西移动[CDN],http://hwrr.jx.chinamobile.com:8080/PLTV/88888888/224/3221225741/index.m3u8
深圳卫视HD,weishi,江西移动[CDN],http://hwrr.jx.chinamobile.com:8080/PLTV/88888888/224/3221225598/index.m3u8?fmt=ts2hls
深圳卫视HD,weishi,江西移动[CDN],http://hwrr.jx.chinamobile.com:8080/PLTV/88888888/224/3221225700/index.m3u8
四川康巴卫视,weishi,江西移动[CDN],http://hwrr.jx.chinamobile.com:8080/PLTV/88888888/224/3221226207/index.m3u8
四川康巴卫视,weishi,陕西移动[CDN],http://dbiptv.sn.chinamobile.com/PLTV/88888890/224/3221226234/index.m3u8
四川康巴卫视,weishi,黑龙江移动[CDN],http://ottrrs.hl.chinamobile.com/PLTV/88888888/224/3221225660/index.m3u8
四川卫视,weishi,江西移动[CDN],http://hwrr.jx.chinamobile.com:8080/PLTV/88888888/224/3221225733/index.m3u8
四川卫视,weishi,江西移动[CDN],http://hwrr.jx.chinamobile.com:8080/PLTV/88888888/224/3221225532/index.m3u8?fmt=ts2hls
四川卫视,weishi,陕西移动[CDN],http://dbiptv.sn.chinamobile.com/PLTV/88888890/224/3221225768/index.m3u8
四川卫视,weishi,黑龙江移动[CDN],http://ottrrs.hl.chinamobile.com/PLTV/88888888/224/3221226096/index.m3u8
四川卫视,weishi,黑龙江移动[CDN],http://ottrrs.hl.chinamobile.com/PLTV/88888888/224/3221226081/index.m3u8
四川卫视HD,weishi,江西移动,http://117.169.120.140:8080/live/sichuanstv/.m3u8
四川卫视HD,weishi,江西移动[CDN],http://hwrr.jx.chinamobile.com:8080/PLTV/88888888/224/3221225487/index.m3u8?fmt=ts2hls
天津卫视,weishi,江西移动[CDN],http://hwrr.jx.chinamobile.com:8080/PLTV/88888888/224/3221225556/index.m3u8?fmt=ts2hls
天津卫视,weishi,咪咕爱看,http://live.aikan.miguvideo.com/PLTV/88888888/224/3221228905/index.m3u8
天津卫视,weishi,陕西移动[CDN],http://dbiptv.sn.chinamobile.com/PLTV/88888890/224/3221225765/index.m3u8
天津卫视,weishi,陕西移动[CDN],http://dbiptv.sn.chinamobile.com/PLTV/88888890/224/3221226204/index.m3u8
天津卫视,weishi,黑龙江移动[CDN],http://ottrrs.hl.chinamobile.com/PLTV/88888888/224/3221225740/index.m3u8
天津卫视,weishi,黑龙江移动[CDN],http://ottrrs.hl.chinamobile.com/PLTV/88888888/224/3221226052/index.m3u8
天津卫视HD,weishi,江西移动,http://117.169.120.140:8080/live/hdtianjinstv/.m3u8
天津卫视HD,weishi,江西移动[CDN],http://hwrr.jx.chinamobile.com:8080/PLTV/88888888/224/3221225739/index.m3u8
天津卫视HD,weishi,江西移动[CDN],http://hwrr.jx.chinamobile.com:8080/PLTV/88888888/224/3221225485/index.m3u8?fmt=ts2hls
天津卫视HD,weishi,江西移动[CDN],http://hwrr.jx.chinamobile.com:8080/PLTV/88888888/224/3221225698/index.m3u8
西藏卫视,weishi,江西移动[CDN],http://hwrr.jx.chinamobile.com:8080/PLTV/88888888/224/3221225723/index.m3u8
西藏卫视,weishi,江西移动[CDN],http://hwrr.jx.chinamobile.com:8080/PLTV/88888888/224/3221225562/index.m3u8?fmt=ts2hls
新疆卫视,weishi,江西移动[CDN],http://hwrr.jx.chinamobile.com:8080/PLTV/88888888/224/3221225534/index.m3u8?fmt=ts2hls
新疆卫视,weishi,江西移动[CDN],http://hwrr.jx.chinamobile.com:8080/PLTV/88888888/224/3221225725/index.m3u8
云南卫视,weishi,江西移动,http://117.169.120.140:8080/live/yunnanstv/.m3u8
云南卫视,weishi,江西移动[CDN],http://hwrr.jx.chinamobile.com:8080/PLTV/88888888/224/3221225538/index.m3u8?fmt=ts2hls
云南卫视,weishi,江西移动[CDN],http://hwrr.jx.chinamobile.com:8080/PLTV/88888888/224/3221225664/index.m3u8
云南卫视,weishi,陕西移动[CDN],http://dbiptv.sn.chinamobile.com/PLTV/88888890/224/3221225751/index.m3u8
浙江卫视,weishi,江苏移动,http://183.207.249.9/PLTV/3/224/3221225544/index.m3u8
浙江卫视,weishi,江西移动[CDN],http://hwrr.jx.chinamobile.com:8080/PLTV/88888888/224/3221225557/index.m3u8?fmt=ts2hls
浙江卫视,weishi,咪咕爱看,http://live.aikan.miguvideo.com/PLTV/88888888/224/3221229352/index.m3u8
浙江卫视,weishi,陕西移动[CDN],http://dbiptv.sn.chinamobile.com/PLTV/88888890/224/3221225788/index.m3u8
浙江卫视,weishi,陕西移动[CDN],http://dbiptv.sn.chinamobile.com/PLTV/88888890/224/3221225798/index.m3u8
浙江卫视,weishi,陕西移动[CDN],http://dbiptv.sn.chinamobile.com/PLTV/88888890/224/3221226199/index.m3u8
浙江卫视,weishi,黑龙江移动[CDN],http://ottrrs.hl.chinamobile.com/PLTV/88888888/224/3221225612/index.m3u8
浙江卫视HD,weishi,江西移动[CDN],http://hwrr.jx.chinamobile.com:8080/PLTV/88888888/224/3221225744/index.m3u8
浙江卫视HD,weishi,江西移动[CDN],http://hwrr.jx.chinamobile.com:8080/PLTV/88888888/224/3221225491/index.m3u8?fmt=ts2hls
浙江卫视HD,weishi,江西移动[CDN],http://hwrr.jx.chinamobile.com:8080/PLTV/88888888/224/3221225703/index.m3u8
浙江卫视HD,weishi,浙江中国蓝官方,http://hw-m-l.cztv.com/channels/lantian/channel001/1080p.m3u8
浙江卫视HD,weishi,浙江中国蓝官方,http://hw-m-l.cztv.com/channels/lantian/channel01/1080p.m3u8
浙江卫视HD,weishi,浙江中国蓝官方,http://yd-m-l.cztv.com/channels/lantian/channel001/1080p.m3u8
浙江卫视HD,weishi,浙江中国蓝官方,http://yd-m-l.cztv.com/channels/lantian/channel01/1080p.m3u8
浙江卫视HD,weishi,浙江中国蓝官方,http://hw-m-l.cztv.com/channels/lantian/channel13/1080p.m3u8
浙江卫视HD,weishi,浙江中国蓝官方,http://yd-m-l.cztv.com/channels/lantian/channel13/1080p.m3u8
浙江卫视HD,weishi,浙江中国蓝官方,http://hw-m-l.cztv.com/channels/lantian/channel15/1080p.m3u8
浙江卫视HD,weishi,浙江中国蓝官方,http://yd-m-l.cztv.com/channels/lantian/channel15/1080p.m3u8
重庆卫视,weishi,江西移动[CDN],http://hwrr.jx.chinamobile.com:8080/PLTV/88888888/224/3221225540/index.m3u8?fmt=ts2hls
重庆卫视,weishi,陕西移动[CDN],http://dbiptv.sn.chinamobile.com/PLTV/88888890/224/3221225791/index.m3u8
重庆卫视,weishi,陕西移动[CDN],http://dbiptv.sn.chinamobile.com/PLTV/88888890/224/3221226202/index.m3u8
重庆卫视,weishi,黑龙江移动[CDN],http://ottrrs.hl.chinamobile.com/PLTV/88888888/224/3221226062/index.m3u8
重庆卫视,weishi,黑龙江移动[CDN],http://ottrrs.hl.chinamobile.com/PLTV/88888888/224/3221225618/index.m3u8
重庆卫视HD,weishi,江西移动[CDN],http://hwrr.jx.chinamobile.com:8080/PLTV/88888888/224/3221225734/index.m3u8
重庆卫视HD,weishi,江西移动[CDN],http://hwrr.jx.chinamobile.com:8080/PLTV/88888888/224/3221225612/index.m3u8?fmt=ts2hls
重庆卫视HD,weishi,江西移动[CDN],http://hwrr.jx.chinamobile.com:8080/PLTV/88888888/224/3221225692/index.m3u8
